id,president,year,majortopic
1,George W. Bush,2001,-555
2,George W. Bush,2001,-555
3,George W. Bush,2001,-555
4,George W. Bush,2001,-555
5,George W. Bush,2001,-555
6,George W. Bush,2001,-555
7,George W. Bush,2001,-555
8,George W. Bush,2001,-555
9,George W. Bush,2001,-555
10,George W. Bush,2001,-555
11,George W. Bush,2001,-555
12,George W. Bush,2001,-555
13,George W. Bush,2001,-555
14,George W. Bush,2001,-555
15,George W. Bush,2001,-555
16,George W. Bush,2001,1
17,George W. Bush,2001,1
18,George W. Bush,2001,-555
19,George W. Bush,2001,-555
20,George W. Bush,2001,-555
21,George W. Bush,2001,-555
22,George W. Bush,2001,-555
23,George W. Bush,2001,1
24,George W. Bush,2001,1
25,George W. Bush,2001,-555
26,George W. Bush,2001,-555
27,George W. Bush,2001,1
28,George W. Bush,2001,-555
29,George W. Bush,2001,-555
30,George W. Bush,2001,1
31,George W. Bush,2001,1
32,George W. Bush,2001,1
33,George W. Bush,2001,1
34,George W. Bush,2001,1
35,George W. Bush,2001,1
36,George W. Bush,2001,1
37,George W. Bush,2001,1
38,George W. Bush,2001,1
39,George W. Bush,2001,6
40,George W. Bush,2001,6
41,George W. Bush,2001,6
42,George W. Bush,2001,6
43,George W. Bush,2001,6
44,George W. Bush,2001,6
45,George W. Bush,2001,6
46,George W. Bush,2001,6
47,George W. Bush,2001,6
48,George W. Bush,2001,6
49,George W. Bush,2001,6
50,George W. Bush,2001,6
51,George W. Bush,2001,6
52,George W. Bush,2001,6
53,George W. Bush,2001,6
54,George W. Bush,2001,6
55,George W. Bush,2001,6
56,George W. Bush,2001,6
57,George W. Bush,2001,6
58,George W. Bush,2001,6
59,George W. Bush,2001,6
60,George W. Bush,2001,6
61,George W. Bush,2001,6
62,George W. Bush,2001,6
63,George W. Bush,2001,6
64,George W. Bush,2001,6
65,George W. Bush,2001,6
66,George W. Bush,2001,6
67,George W. Bush,2001,6
68,George W. Bush,2001,13
69,George W. Bush,2001,13
70,George W. Bush,2001,13
71,George W. Bush,2001,3
72,George W. Bush,2001,13
73,George W. Bush,2001,3
74,George W. Bush,2001,3
75,George W. Bush,2001,3
76,George W. Bush,2001,3
77,George W. Bush,2001,3
78,George W. Bush,2001,3
79,George W. Bush,2001,12
80,George W. Bush,2001,3
81,George W. Bush,2001,3
82,George W. Bush,2001,-555
83,George W. Bush,2001,3
84,George W. Bush,2001,13
85,George W. Bush,2001,13
86,George W. Bush,2001,16
87,George W. Bush,2001,16
88,George W. Bush,2001,16
89,George W. Bush,2001,16
90,George W. Bush,2001,3
91,George W. Bush,2001,7
92,George W. Bush,2001,7
93,George W. Bush,2001,21
94,George W. Bush,2001,21
95,George W. Bush,2001,21
96,George W. Bush,2001,21
97,George W. Bush,2001,13
98,George W. Bush,2001,13
99,George W. Bush,2001,13
100,George W. Bush,2001,13
101,George W. Bush,2001,13
102,George W. Bush,2001,13
103,George W. Bush,2001,2
104,George W. Bush,2001,13
105,George W. Bush,2001,13
106,George W. Bush,2001,13
107,George W. Bush,2001,13
108,George W. Bush,2001,-555
109,George W. Bush,2001,-555
110,George W. Bush,2001,-555
111,George W. Bush,2001,-555
112,George W. Bush,2001,-555
113,George W. Bush,2001,-555
114,George W. Bush,2001,-555
115,George W. Bush,2001,-555
116,George W. Bush,2001,13
117,George W. Bush,2001,-555
118,George W. Bush,2001,2
119,George W. Bush,2001,2
120,George W. Bush,2001,2
121,George W. Bush,2001,2
122,George W. Bush,2001,12
123,George W. Bush,2001,12
124,George W. Bush,2001,12
125,George W. Bush,2001,12
126,George W. Bush,2001,1
127,George W. Bush,2001,13
128,George W. Bush,2001,1
129,George W. Bush,2001,1
130,George W. Bush,2001,1
131,George W. Bush,2001,1
132,George W. Bush,2001,1
133,George W. Bush,2001,1
134,George W. Bush,2001,1
135,George W. Bush,2001,1
136,George W. Bush,2001,16
137,George W. Bush,2001,3
138,George W. Bush,2001,1
139,George W. Bush,2001,1
140,George W. Bush,2001,1
141,George W. Bush,2001,1
142,George W. Bush,2001,1
143,George W. Bush,2001,1
144,George W. Bush,2001,1
145,George W. Bush,2001,-555
146,George W. Bush,2001,-555
147,George W. Bush,2001,-555
148,George W. Bush,2001,-555
149,George W. Bush,2001,-555
150,George W. Bush,2001,1
151,George W. Bush,2001,1
152,George W. Bush,2001,1
153,George W. Bush,2001,1
154,George W. Bush,2001,-555
155,George W. Bush,2001,-555
156,George W. Bush,2001,1
157,George W. Bush,2001,1
158,George W. Bush,2001,1
159,George W. Bush,2001,1
160,George W. Bush,2001,1
161,George W. Bush,2001,1
162,George W. Bush,2001,1
163,George W. Bush,2001,1
164,George W. Bush,2001,20
165,George W. Bush,2001,1
166,George W. Bush,2001,1
167,George W. Bush,2001,15
168,George W. Bush,2001,15
169,George W. Bush,2001,20
170,George W. Bush,2001,1
171,George W. Bush,2001,1
172,George W. Bush,2001,1
173,George W. Bush,2001,1
174,George W. Bush,2001,1
175,George W. Bush,2001,1
176,George W. Bush,2001,1
177,George W. Bush,2001,1
178,George W. Bush,2001,6
179,George W. Bush,2001,1
180,George W. Bush,2001,1
181,George W. Bush,2001,-555
182,George W. Bush,2001,-555
183,George W. Bush,2001,-555
184,George W. Bush,2001,-555
185,George W. Bush,2001,-555
186,George W. Bush,2001,-555
187,George W. Bush,2001,1
188,George W. Bush,2001,1
189,George W. Bush,2001,1
190,George W. Bush,2001,1
191,George W. Bush,2001,6
192,George W. Bush,2001,-555
193,George W. Bush,2001,1
194,George W. Bush,2001,1
195,George W. Bush,2001,1
196,George W. Bush,2001,1
197,George W. Bush,2001,1
198,George W. Bush,2001,1
199,George W. Bush,2001,-555
200,George W. Bush,2001,-555
201,George W. Bush,2001,1
202,George W. Bush,2001,1
203,George W. Bush,2001,1
204,George W. Bush,2001,1
205,George W. Bush,2001,1
206,George W. Bush,2001,1
207,George W. Bush,2001,1
208,George W. Bush,2001,1
209,George W. Bush,2001,1
210,George W. Bush,2001,1
211,George W. Bush,2001,1
212,George W. Bush,2001,1
213,George W. Bush,2001,-555
214,George W. Bush,2001,-555
215,George W. Bush,2001,1
216,George W. Bush,2001,19
217,George W. Bush,2001,19
218,George W. Bush,2001,18
219,George W. Bush,2001,19
220,George W. Bush,2001,19
221,George W. Bush,2001,19
222,George W. Bush,2001,16
223,George W. Bush,2001,16
224,George W. Bush,2001,16
225,George W. Bush,2001,16
226,George W. Bush,2001,16
227,George W. Bush,2001,16
228,George W. Bush,2001,16
229,George W. Bush,2001,19
230,George W. Bush,2001,16
231,George W. Bush,2001,16
232,George W. Bush,2001,-555
233,George W. Bush,2001,16
234,George W. Bush,2001,18
235,George W. Bush,2001,18
236,George W. Bush,2001,18
237,George W. Bush,2001,18
238,George W. Bush,2001,8
239,George W. Bush,2001,8
240,George W. Bush,2001,8
241,George W. Bush,2001,8
242,George W. Bush,2001,8
243,George W. Bush,2001,8
244,George W. Bush,2001,8
245,George W. Bush,2001,8
246,George W. Bush,2001,8
247,George W. Bush,2001,13
248,George W. Bush,2001,13
249,George W. Bush,2001,3
250,George W. Bush,2001,3
251,George W. Bush,2001,3
252,George W. Bush,2001,3
253,George W. Bush,2001,13
254,George W. Bush,2001,13
255,George W. Bush,2001,13
256,George W. Bush,2001,5
257,George W. Bush,2001,-555
258,George W. Bush,2001,13
259,George W. Bush,2001,13
260,George W. Bush,2001,13
261,George W. Bush,2001,13
262,George W. Bush,2001,13
263,George W. Bush,2001,13
264,George W. Bush,2001,13
265,George W. Bush,2001,13
266,George W. Bush,2001,13
267,George W. Bush,2001,13
268,George W. Bush,2001,20
269,George W. Bush,2001,-555
270,George W. Bush,2001,-555
271,George W. Bush,2001,-555
272,George W. Bush,2001,-555
273,George W. Bush,2001,-555
274,George W. Bush,2001,-555
275,George W. Bush,2001,-555
276,George W. Bush,2001,-555
277,George W. Bush,2001,-555
278,George W. Bush,2001,-555
279,George W. Bush,2001,-555
280,George W. Bush,2001,-555
281,George W. Bush,2001,-555
282,George W. Bush,2001,-555
283,George W. Bush,2001,-555
284,George W. Bush,2001,-555
285,George W. Bush,2001,-555
286,George W. Bush,2001,-555
287,George W. Bush,2001,-555
288,George W. Bush,2001,-555
289,George W. Bush,2001,-555
290,George W. Bush,2001,-555
291,George W. Bush,2001,-555
292,George W. Bush,2002,-555
293,George W. Bush,2002,-555
294,George W. Bush,2002,-555
295,George W. Bush,2002,19
296,George W. Bush,2002,19
297,George W. Bush,2002,19
298,George W. Bush,2002,19
299,George W. Bush,2002,19
300,George W. Bush,2002,19
301,George W. Bush,2002,19
302,George W. Bush,2002,19
303,George W. Bush,2002,19
304,George W. Bush,2002,19
305,George W. Bush,2002,19
306,George W. Bush,2002,19
307,George W. Bush,2002,19
308,George W. Bush,2002,19
309,George W. Bush,2002,19
310,George W. Bush,2002,19
311,George W. Bush,2002,19
312,George W. Bush,2002,19
313,George W. Bush,2002,19
314,George W. Bush,2002,19
315,George W. Bush,2002,19
316,George W. Bush,2002,19
317,George W. Bush,2002,19
318,George W. Bush,2002,19
319,George W. Bush,2002,19
320,George W. Bush,2002,19
321,George W. Bush,2002,19
322,George W. Bush,2002,19
323,George W. Bush,2002,19
324,George W. Bush,2002,19
325,George W. Bush,2002,19
326,George W. Bush,2002,19
327,George W. Bush,2002,19
328,George W. Bush,2002,19
329,George W. Bush,2002,19
330,George W. Bush,2002,19
331,George W. Bush,2002,19
332,George W. Bush,2002,19
333,George W. Bush,2002,19
334,George W. Bush,2002,19
335,George W. Bush,2002,19
336,George W. Bush,2002,19
337,George W. Bush,2002,19
338,George W. Bush,2002,19
339,George W. Bush,2002,19
340,George W. Bush,2002,19
341,George W. Bush,2002,19
342,George W. Bush,2002,19
343,George W. Bush,2002,19
344,George W. Bush,2002,19
345,George W. Bush,2002,19
346,George W. Bush,2002,19
347,George W. Bush,2002,19
348,George W. Bush,2002,19
349,George W. Bush,2002,19
350,George W. Bush,2002,19
351,George W. Bush,2002,19
352,George W. Bush,2002,19
353,George W. Bush,2002,19
354,George W. Bush,2002,19
355,George W. Bush,2002,19
356,George W. Bush,2002,19
357,George W. Bush,2002,19
358,George W. Bush,2002,19
359,George W. Bush,2002,19
360,George W. Bush,2002,19
361,George W. Bush,2002,19
362,George W. Bush,2002,19
363,George W. Bush,2002,19
364,George W. Bush,2002,19
365,George W. Bush,2002,19
366,George W. Bush,2002,19
367,George W. Bush,2002,19
368,George W. Bush,2002,16
369,George W. Bush,2002,1
370,George W. Bush,2002,-555
371,George W. Bush,2002,-555
372,George W. Bush,2002,-555
373,George W. Bush,2002,-555
374,George W. Bush,2002,19
375,George W. Bush,2002,19
376,George W. Bush,2002,19
377,George W. Bush,2002,16
378,George W. Bush,2002,16
379,George W. Bush,2002,16
380,George W. Bush,2002,16
381,George W. Bush,2002,12
382,George W. Bush,2002,12
383,George W. Bush,2002,12
384,George W. Bush,2002,12
385,George W. Bush,2002,12
386,George W. Bush,2002,12
387,George W. Bush,2002,12
388,George W. Bush,2002,16
389,George W. Bush,2002,3
390,George W. Bush,2002,12
391,George W. Bush,2002,12
392,George W. Bush,2002,12
393,George W. Bush,2002,19
394,George W. Bush,2002,12
395,George W. Bush,2002,12
396,George W. Bush,2002,12
397,George W. Bush,2002,19
398,George W. Bush,2002,19
399,George W. Bush,2002,19
400,George W. Bush,2002,19
401,George W. Bush,2002,1
402,George W. Bush,2002,1
403,George W. Bush,2002,1
404,George W. Bush,2002,1
405,George W. Bush,2002,5
406,George W. Bush,2002,5
407,George W. Bush,2002,6
408,George W. Bush,2002,6
409,George W. Bush,2002,-555
410,George W. Bush,2002,-555
411,George W. Bush,2002,-555
412,George W. Bush,2002,6
413,George W. Bush,2002,6
414,George W. Bush,2002,8
415,George W. Bush,2002,8
416,George W. Bush,2002,18
417,George W. Bush,2002,18
418,George W. Bush,2002,8
419,George W. Bush,2002,1
420,George W. Bush,2002,1
421,George W. Bush,2002,1
422,George W. Bush,2002,1
423,George W. Bush,2002,1
424,George W. Bush,2002,1
425,George W. Bush,2002,5
426,George W. Bush,2002,13
427,George W. Bush,2002,13
428,George W. Bush,2002,3
429,George W. Bush,2002,3
430,George W. Bush,2002,5
431,George W. Bush,2002,5
432,George W. Bush,2002,5
433,George W. Bush,2002,5
434,George W. Bush,2002,5
435,George W. Bush,2002,5
436,George W. Bush,2002,4
437,George W. Bush,2002,19
438,George W. Bush,2002,-555
439,George W. Bush,2002,-555
440,George W. Bush,2002,-555
441,George W. Bush,2002,-555
442,George W. Bush,2002,-555
443,George W. Bush,2002,-555
444,George W. Bush,2002,-555
445,George W. Bush,2002,-555
446,George W. Bush,2002,-555
447,George W. Bush,2002,-555
448,George W. Bush,2002,-555
449,George W. Bush,2002,-555
450,George W. Bush,2002,-555
451,George W. Bush,2002,-555
452,George W. Bush,2002,13
453,George W. Bush,2002,13
454,George W. Bush,2002,13
455,George W. Bush,2002,13
456,George W. Bush,2002,13
457,George W. Bush,2002,12
458,George W. Bush,2002,3
459,George W. Bush,2002,12
460,George W. Bush,2002,13
461,George W. Bush,2002,6
462,George W. Bush,2002,13
463,George W. Bush,2002,-555
464,George W. Bush,2002,19
465,George W. Bush,2002,-555
466,George W. Bush,2002,-555
467,George W. Bush,2002,-555
468,George W. Bush,2002,-555
469,George W. Bush,2002,-555
470,George W. Bush,2002,-555
471,George W. Bush,2002,-555
472,George W. Bush,2002,-555
473,George W. Bush,2002,-555
474,George W. Bush,2002,-555
475,George W. Bush,2002,-555
476,George W. Bush,2002,2
477,George W. Bush,2002,2
478,George W. Bush,2002,2
479,George W. Bush,2002,2
480,George W. Bush,2002,2
481,George W. Bush,2002,-555
482,George W. Bush,2002,19
483,George W. Bush,2002,-555
484,George W. Bush,2002,19
485,George W. Bush,2002,18
486,George W. Bush,2002,19
487,George W. Bush,2002,-555
488,George W. Bush,2002,-555
489,George W. Bush,2002,-555
490,George W. Bush,2002,-555
491,George W. Bush,2002,-555
492,George W. Bush,2002,-555
493,George W. Bush,2002,-555
494,George W. Bush,2002,-555
495,George W. Bush,2002,-555
496,George W. Bush,2002,-555
497,George W. Bush,2002,-555
498,George W. Bush,2002,-555
499,George W. Bush,2002,-555
500,George W. Bush,2002,-555
501,George W. Bush,2002,-555
502,George W. Bush,2002,-555
503,George W. Bush,2002,-555
504,George W. Bush,2002,-555
505,George W. Bush,2002,-555
506,George W. Bush,2002,-555
507,George W. Bush,2003,-555
508,George W. Bush,2003,-555
509,George W. Bush,2003,-555
510,George W. Bush,2003,20
511,George W. Bush,2003,19
512,George W. Bush,2003,-555
513,George W. Bush,2003,-555
514,George W. Bush,2003,-555
515,George W. Bush,2003,-555
516,George W. Bush,2003,-555
517,George W. Bush,2003,-555
518,George W. Bush,2003,-555
519,George W. Bush,2003,-555
520,George W. Bush,2003,-555
521,George W. Bush,2003,6
522,George W. Bush,2003,12
523,George W. Bush,2003,1
524,George W. Bush,2003,12
525,George W. Bush,2003,-555
526,George W. Bush,2003,-555
527,George W. Bush,2003,-555
528,George W. Bush,2003,1
529,George W. Bush,2003,1
530,George W. Bush,2003,1
531,George W. Bush,2003,1
532,George W. Bush,2003,1
533,George W. Bush,2003,1
534,George W. Bush,2003,1
535,George W. Bush,2003,1
536,George W. Bush,2003,1
537,George W. Bush,2003,1
538,George W. Bush,2003,1
539,George W. Bush,2003,1
540,George W. Bush,2003,15
541,George W. Bush,2003,1
542,George W. Bush,2003,1
543,George W. Bush,2003,1
544,George W. Bush,2003,15
545,George W. Bush,2003,15
546,George W. Bush,2003,15
547,George W. Bush,2003,1
548,George W. Bush,2003,1
549,George W. Bush,2003,1
550,George W. Bush,2003,1
551,George W. Bush,2003,1
552,George W. Bush,2003,1
553,George W. Bush,2003,1
554,George W. Bush,2003,13
555,George W. Bush,2003,13
556,George W. Bush,2003,3
557,George W. Bush,2003,3
558,George W. Bush,2003,3
559,George W. Bush,2003,3
560,George W. Bush,2003,3
561,George W. Bush,2003,3
562,George W. Bush,2003,3
563,George W. Bush,2003,3
564,George W. Bush,2003,3
565,George W. Bush,2003,3
566,George W. Bush,2003,3
567,George W. Bush,2003,3
568,George W. Bush,2003,3
569,George W. Bush,2003,3
570,George W. Bush,2003,3
571,George W. Bush,2003,3
572,George W. Bush,2003,3
573,George W. Bush,2003,3
574,George W. Bush,2003,7
575,George W. Bush,2003,8
576,George W. Bush,2003,7
577,George W. Bush,2003,21
578,George W. Bush,2003,7
579,George W. Bush,2003,7
580,George W. Bush,2003,7
581,George W. Bush,2003,7
582,George W. Bush,2003,8
583,George W. Bush,2003,8
584,George W. Bush,2003,8
585,George W. Bush,2003,-555
586,George W. Bush,2003,13
587,George W. Bush,2003,13
588,George W. Bush,2003,13
589,George W. Bush,2003,13
590,George W. Bush,2003,13
591,George W. Bush,2003,13
592,George W. Bush,2003,13
593,George W. Bush,2003,13
594,George W. Bush,2003,13
595,George W. Bush,2003,13
596,George W. Bush,2003,13
597,George W. Bush,2003,13
598,George W. Bush,2003,3
599,George W. Bush,2003,3
600,George W. Bush,2003,3
601,George W. Bush,2003,3
602,George W. Bush,2003,3
603,George W. Bush,2003,3
604,George W. Bush,2003,3
605,George W. Bush,2003,3
606,George W. Bush,2003,3
607,George W. Bush,2003,3
608,George W. Bush,2003,3
609,George W. Bush,2003,2
610,George W. Bush,2003,2
611,George W. Bush,2003,2
612,George W. Bush,2003,-555
613,George W. Bush,2003,-555
614,George W. Bush,2003,-555
615,George W. Bush,2003,19
616,George W. Bush,2003,19
617,George W. Bush,2003,19
618,George W. Bush,2003,19
619,George W. Bush,2003,19
620,George W. Bush,2003,19
621,George W. Bush,2003,19
622,George W. Bush,2003,19
623,George W. Bush,2003,19
624,George W. Bush,2003,19
625,George W. Bush,2003,19
626,George W. Bush,2003,19
627,George W. Bush,2003,19
628,George W. Bush,2003,19
629,George W. Bush,2003,19
630,George W. Bush,2003,19
631,George W. Bush,2003,19
632,George W. Bush,2003,19
633,George W. Bush,2003,19
634,George W. Bush,2003,19
635,George W. Bush,2003,19
636,George W. Bush,2003,19
637,George W. Bush,2003,19
638,George W. Bush,2003,3
639,George W. Bush,2003,19
640,George W. Bush,2003,19
641,George W. Bush,2003,19
642,George W. Bush,2003,19
643,George W. Bush,2003,19
644,George W. Bush,2003,19
645,George W. Bush,2003,19
646,George W. Bush,2003,19
647,George W. Bush,2003,19
648,George W. Bush,2003,19
649,George W. Bush,2003,19
650,George W. Bush,2003,19
651,George W. Bush,2003,19
652,George W. Bush,2003,19
653,George W. Bush,2003,19
654,George W. Bush,2003,19
655,George W. Bush,2003,19
656,George W. Bush,2003,19
657,George W. Bush,2003,19
658,George W. Bush,2003,12
659,George W. Bush,2003,12
660,George W. Bush,2003,12
661,George W. Bush,2003,12
662,George W. Bush,2003,12
663,George W. Bush,2003,12
664,George W. Bush,2003,3
665,George W. Bush,2003,12
666,George W. Bush,2003,12
667,George W. Bush,2003,12
668,George W. Bush,2003,12
669,George W. Bush,2003,12
670,George W. Bush,2003,19
671,George W. Bush,2003,19
672,George W. Bush,2003,19
673,George W. Bush,2003,16
674,George W. Bush,2003,16
675,George W. Bush,2003,16
676,George W. Bush,2003,16
677,George W. Bush,2003,16
678,George W. Bush,2003,19
679,George W. Bush,2003,19
680,George W. Bush,2003,19
681,George W. Bush,2003,19
682,George W. Bush,2003,19
683,George W. Bush,2003,19
684,George W. Bush,2003,19
685,George W. Bush,2003,19
686,George W. Bush,2003,19
687,George W. Bush,2003,19
688,George W. Bush,2003,19
689,George W. Bush,2003,19
690,George W. Bush,2003,19
691,George W. Bush,2003,19
692,George W. Bush,2003,19
693,George W. Bush,2003,19
694,George W. Bush,2003,19
695,George W. Bush,2003,19
696,George W. Bush,2003,19
697,George W. Bush,2003,19
698,George W. Bush,2003,19
699,George W. Bush,2003,19
700,George W. Bush,2003,19
701,George W. Bush,2003,19
702,George W. Bush,2003,19
703,George W. Bush,2003,19
704,George W. Bush,2003,19
705,George W. Bush,2003,19
706,George W. Bush,2003,19
707,George W. Bush,2003,19
708,George W. Bush,2003,19
709,George W. Bush,2003,19
710,George W. Bush,2003,19
711,George W. Bush,2003,19
712,George W. Bush,2003,19
713,George W. Bush,2003,19
714,George W. Bush,2003,19
715,George W. Bush,2003,19
716,George W. Bush,2003,19
717,George W. Bush,2003,19
718,George W. Bush,2003,19
719,George W. Bush,2003,19
720,George W. Bush,2003,19
721,George W. Bush,2003,19
722,George W. Bush,2003,19
723,George W. Bush,2003,19
724,George W. Bush,2003,19
725,George W. Bush,2003,19
726,George W. Bush,2003,19
727,George W. Bush,2003,19
728,George W. Bush,2003,19
729,George W. Bush,2003,19
730,George W. Bush,2003,19
731,George W. Bush,2003,19
732,George W. Bush,2003,19
733,George W. Bush,2003,19
734,George W. Bush,2003,19
735,George W. Bush,2003,19
736,George W. Bush,2003,19
737,George W. Bush,2003,19
738,George W. Bush,2003,19
739,George W. Bush,2003,19
740,George W. Bush,2003,19
741,George W. Bush,2003,19
742,George W. Bush,2003,19
743,George W. Bush,2003,19
744,George W. Bush,2003,19
745,George W. Bush,2003,19
746,George W. Bush,2003,19
747,George W. Bush,2003,19
748,George W. Bush,2003,19
749,George W. Bush,2003,19
750,George W. Bush,2003,19
751,George W. Bush,2003,19
752,George W. Bush,2003,19
753,George W. Bush,2003,19
754,George W. Bush,2003,19
755,George W. Bush,2003,19
756,George W. Bush,2003,19
757,George W. Bush,2003,19
758,George W. Bush,2003,19
759,George W. Bush,2003,19
760,George W. Bush,2003,19
761,George W. Bush,2003,19
762,George W. Bush,2003,19
763,George W. Bush,2003,19
764,George W. Bush,2003,19
765,George W. Bush,2003,19
766,George W. Bush,2003,19
767,George W. Bush,2003,19
768,George W. Bush,2003,19
769,George W. Bush,2003,19
770,George W. Bush,2003,19
771,George W. Bush,2003,19
772,George W. Bush,2003,19
773,George W. Bush,2003,19
774,George W. Bush,2003,19
775,George W. Bush,2003,19
776,George W. Bush,2003,19
777,George W. Bush,2003,19
778,George W. Bush,2003,19
779,George W. Bush,2003,19
780,George W. Bush,2003,19
781,George W. Bush,2003,16
782,George W. Bush,2003,16
783,George W. Bush,2003,16
784,George W. Bush,2003,16
785,George W. Bush,2003,16
786,George W. Bush,2003,16
787,George W. Bush,2003,16
788,George W. Bush,2003,16
789,George W. Bush,2003,16
790,George W. Bush,2003,16
791,George W. Bush,2003,16
792,George W. Bush,2003,16
793,George W. Bush,2003,16
794,George W. Bush,2003,16
795,George W. Bush,2003,16
796,George W. Bush,2003,16
797,George W. Bush,2003,19
798,George W. Bush,2003,-555
799,George W. Bush,2003,-555
800,George W. Bush,2003,-555
801,George W. Bush,2003,-555
802,George W. Bush,2003,-555
803,George W. Bush,2003,-555
804,George W. Bush,2003,-555
805,George W. Bush,2003,-555
806,George W. Bush,2003,-555
807,George W. Bush,2003,-555
808,George W. Bush,2003,-555
809,George W. Bush,2003,-555
810,George W. Bush,2003,-555
811,George W. Bush,2004,-555
812,George W. Bush,2004,-555
813,George W. Bush,2004,16
814,George W. Bush,2004,16
815,George W. Bush,2004,12
816,George W. Bush,2004,10
817,George W. Bush,2004,12
818,George W. Bush,2004,12
819,George W. Bush,2004,1
820,George W. Bush,2004,1
821,George W. Bush,2004,1
822,George W. Bush,2004,-555
823,George W. Bush,2004,3
824,George W. Bush,2004,19
825,George W. Bush,2004,1
826,George W. Bush,2004,-555
827,George W. Bush,2004,-555
828,George W. Bush,2004,-555
829,George W. Bush,2004,16
830,George W. Bush,2004,19
831,George W. Bush,2004,19
832,George W. Bush,2004,19
833,George W. Bush,2004,19
834,George W. Bush,2004,19
835,George W. Bush,2004,19
836,George W. Bush,2004,12
837,George W. Bush,2004,12
838,George W. Bush,2004,12
839,George W. Bush,2004,12
840,George W. Bush,2004,12
841,George W. Bush,2004,12
842,George W. Bush,2004,12
843,George W. Bush,2004,12
844,George W. Bush,2004,19
845,George W. Bush,2004,19
846,George W. Bush,2004,19
847,George W. Bush,2004,19
848,George W. Bush,2004,19
849,George W. Bush,2004,19
850,George W. Bush,2004,19
851,George W. Bush,2004,19
852,George W. Bush,2004,19
853,George W. Bush,2004,19
854,George W. Bush,2004,19
855,George W. Bush,2004,19
856,George W. Bush,2004,16
857,George W. Bush,2004,16
858,George W. Bush,2004,16
859,George W. Bush,2004,16
860,George W. Bush,2004,16
861,George W. Bush,2004,16
862,George W. Bush,2004,16
863,George W. Bush,2004,16
864,George W. Bush,2004,16
865,George W. Bush,2004,19
866,George W. Bush,2004,19
867,George W. Bush,2004,19
868,George W. Bush,2004,19
869,George W. Bush,2004,19
870,George W. Bush,2004,19
871,George W. Bush,2004,16
872,George W. Bush,2004,16
873,George W. Bush,2004,19
874,George W. Bush,2004,19
875,George W. Bush,2004,19
876,George W. Bush,2004,16
877,George W. Bush,2004,19
878,George W. Bush,2004,19
879,George W. Bush,2004,19
880,George W. Bush,2004,19
881,George W. Bush,2004,19
882,George W. Bush,2004,16
883,George W. Bush,2004,16
884,George W. Bush,2004,16
885,George W. Bush,2004,19
886,George W. Bush,2004,19
887,George W. Bush,2004,19
888,George W. Bush,2004,16
889,George W. Bush,2004,16
890,George W. Bush,2004,16
891,George W. Bush,2004,16
892,George W. Bush,2004,16
893,George W. Bush,2004,16
894,George W. Bush,2004,16
895,George W. Bush,2004,16
896,George W. Bush,2004,16
897,George W. Bush,2004,16
898,George W. Bush,2004,16
899,George W. Bush,2004,19
900,George W. Bush,2004,19
901,George W. Bush,2004,19
902,George W. Bush,2004,19
903,George W. Bush,2004,19
904,George W. Bush,2004,19
905,George W. Bush,2004,16
906,George W. Bush,2004,16
907,George W. Bush,2004,19
908,George W. Bush,2004,19
909,George W. Bush,2004,19
910,George W. Bush,2004,19
911,George W. Bush,2004,19
912,George W. Bush,2004,19
913,George W. Bush,2004,19
914,George W. Bush,2004,19
915,George W. Bush,2004,19
916,George W. Bush,2004,16
917,George W. Bush,2004,16
918,George W. Bush,2004,16
919,George W. Bush,2004,19
920,George W. Bush,2004,19
921,George W. Bush,2004,19
922,George W. Bush,2004,19
923,George W. Bush,2004,19
924,George W. Bush,2004,19
925,George W. Bush,2004,19
926,George W. Bush,2004,19
927,George W. Bush,2004,19
928,George W. Bush,2004,19
929,George W. Bush,2004,19
930,George W. Bush,2004,19
931,George W. Bush,2004,19
932,George W. Bush,2004,19
933,George W. Bush,2004,19
934,George W. Bush,2004,19
935,George W. Bush,2004,1
936,George W. Bush,2004,1
937,George W. Bush,2004,1
938,George W. Bush,2004,1
939,George W. Bush,2004,1
940,George W. Bush,2004,1
941,George W. Bush,2004,14
942,George W. Bush,2004,14
943,George W. Bush,2004,1
944,George W. Bush,2004,1
945,George W. Bush,2004,1
946,George W. Bush,2004,18
947,George W. Bush,2004,1
948,George W. Bush,2004,1
949,George W. Bush,2004,1
950,George W. Bush,2004,5
951,George W. Bush,2004,3
952,George W. Bush,2004,5
953,George W. Bush,2004,6
954,George W. Bush,2004,6
955,George W. Bush,2004,6
956,George W. Bush,2004,6
957,George W. Bush,2004,6
958,George W. Bush,2004,6
959,George W. Bush,2004,6
960,George W. Bush,2004,6
961,George W. Bush,2004,6
962,George W. Bush,2004,6
963,George W. Bush,2004,6
964,George W. Bush,2004,6
965,George W. Bush,2004,6
966,George W. Bush,2004,6
967,George W. Bush,2004,5
968,George W. Bush,2004,5
969,George W. Bush,2004,5
970,George W. Bush,2004,6
971,George W. Bush,2004,6
972,George W. Bush,2004,6
973,George W. Bush,2004,6
974,George W. Bush,2004,5
975,George W. Bush,2004,5
976,George W. Bush,2004,1
977,George W. Bush,2004,1
978,George W. Bush,2004,1
979,George W. Bush,2004,1
980,George W. Bush,2004,1
981,George W. Bush,2004,15
982,George W. Bush,2004,1
983,George W. Bush,2004,1
984,George W. Bush,2004,1
985,George W. Bush,2004,1
986,George W. Bush,2004,15
987,George W. Bush,2004,8
988,George W. Bush,2004,18
989,George W. Bush,2004,13
990,George W. Bush,2004,13
991,George W. Bush,2004,1
992,George W. Bush,2004,1
993,George W. Bush,2004,1
994,George W. Bush,2004,1
995,George W. Bush,2004,9
996,George W. Bush,2004,5
997,George W. Bush,2004,5
998,George W. Bush,2004,12
999,George W. Bush,2004,9
1000,George W. Bush,2004,5
1001,George W. Bush,2004,3
1002,George W. Bush,2004,3
1003,George W. Bush,2004,3
1004,George W. Bush,2004,3
1005,George W. Bush,2004,3
1006,George W. Bush,2004,3
1007,George W. Bush,2004,3
1008,George W. Bush,2004,3
1009,George W. Bush,2004,3
1010,George W. Bush,2004,3
1011,George W. Bush,2004,3
1012,George W. Bush,2004,3
1013,George W. Bush,2004,3
1014,George W. Bush,2004,3
1015,George W. Bush,2004,3
1016,George W. Bush,2004,3
1017,George W. Bush,2004,3
1018,George W. Bush,2004,3
1019,George W. Bush,2004,3
1020,George W. Bush,2004,3
1021,George W. Bush,2004,3
1022,George W. Bush,2004,3
1023,George W. Bush,2004,3
1024,George W. Bush,2004,-555
1025,George W. Bush,2004,-555
1026,George W. Bush,2004,-555
1027,George W. Bush,2004,-555
1028,George W. Bush,2004,-555
1029,George W. Bush,2004,-555
1030,George W. Bush,2004,-555
1031,George W. Bush,2004,3
1032,George W. Bush,2004,3
1033,George W. Bush,2004,3
1034,George W. Bush,2004,3
1035,George W. Bush,2004,3
1036,George W. Bush,2004,3
1037,George W. Bush,2004,3
1038,George W. Bush,2004,3
1039,George W. Bush,2004,3
1040,George W. Bush,2004,3
1041,George W. Bush,2004,3
1042,George W. Bush,2004,3
1043,George W. Bush,2004,3
1044,George W. Bush,2004,3
1045,George W. Bush,2004,3
1046,George W. Bush,2004,3
1047,George W. Bush,2004,3
1048,George W. Bush,2004,3
1049,George W. Bush,2004,2
1050,George W. Bush,2004,2
1051,George W. Bush,2004,2
1052,George W. Bush,2004,2
1053,George W. Bush,2004,2
1054,George W. Bush,2004,2
1055,George W. Bush,2004,2
1056,George W. Bush,2004,2
1057,George W. Bush,2004,2
1058,George W. Bush,2004,2
1059,George W. Bush,2004,13
1060,George W. Bush,2004,13
1061,George W. Bush,2004,13
1062,George W. Bush,2004,13
1063,George W. Bush,2004,13
1064,George W. Bush,2004,13
1065,George W. Bush,2004,12
1066,George W. Bush,2004,12
1067,George W. Bush,2004,12
1068,George W. Bush,2004,12
1069,George W. Bush,2004,12
1070,George W. Bush,2004,-555
1071,George W. Bush,2004,-555
1072,George W. Bush,2004,-555
1073,George W. Bush,2004,-555
1074,George W. Bush,2004,-555
1075,George W. Bush,2004,-555
1076,George W. Bush,2004,-555
1077,George W. Bush,2004,-555
1078,George W. Bush,2004,-555
1079,George W. Bush,2004,-555
1080,George W. Bush,2004,-555
1081,George W. Bush,2004,16
1082,George W. Bush,2004,16
1083,George W. Bush,2004,-555
1084,George W. Bush,2004,-555
1085,George W. Bush,2004,-555
1086,George W. Bush,2004,-555
1087,George W. Bush,2004,-555
1088,George W. Bush,2004,-555
1089,George W. Bush,2004,-555
1090,George W. Bush,2004,-555
1091,George W. Bush,2004,-555
1092,George W. Bush,2004,-555
1093,George W. Bush,2005,-555
1094,George W. Bush,2005,-555
1095,George W. Bush,2005,-555
1096,George W. Bush,2005,-555
1097,George W. Bush,2005,-555
1098,George W. Bush,2005,-555
1099,George W. Bush,2005,-555
1100,George W. Bush,2005,-555
1101,George W. Bush,2005,-555
1102,George W. Bush,2005,1
1103,George W. Bush,2005,1
1104,George W. Bush,2005,1
1105,George W. Bush,2005,1
1106,George W. Bush,2005,1
1107,George W. Bush,2005,1
1108,George W. Bush,2005,1
1109,George W. Bush,2005,1
1110,George W. Bush,2005,1
1111,George W. Bush,2005,1
1112,George W. Bush,2005,1
1113,George W. Bush,2005,1
1114,George W. Bush,2005,6
1115,George W. Bush,2005,6
1116,George W. Bush,2005,5
1117,George W. Bush,2005,6
1118,George W. Bush,2005,15
1119,George W. Bush,2005,15
1120,George W. Bush,2005,12
1121,George W. Bush,2005,3
1122,George W. Bush,2005,3
1123,George W. Bush,2005,8
1124,George W. Bush,2005,8
1125,George W. Bush,2005,7
1126,George W. Bush,2005,8
1127,George W. Bush,2005,8
1128,George W. Bush,2005,1
1129,George W. Bush,2005,1
1130,George W. Bush,2005,1
1131,George W. Bush,2005,1
1132,George W. Bush,2005,1
1133,George W. Bush,2005,9
1134,George W. Bush,2005,9
1135,George W. Bush,2005,9
1136,George W. Bush,2005,13
1137,George W. Bush,2005,13
1138,George W. Bush,2005,13
1139,George W. Bush,2005,13
1140,George W. Bush,2005,13
1141,George W. Bush,2005,13
1142,George W. Bush,2005,13
1143,George W. Bush,2005,13
1144,George W. Bush,2005,13
1145,George W. Bush,2005,13
1146,George W. Bush,2005,13
1147,George W. Bush,2005,13
1148,George W. Bush,2005,13
1149,George W. Bush,2005,13
1150,George W. Bush,2005,13
1151,George W. Bush,2005,13
1152,George W. Bush,2005,13
1153,George W. Bush,2005,13
1154,George W. Bush,2005,13
1155,George W. Bush,2005,13
1156,George W. Bush,2005,13
1157,George W. Bush,2005,13
1158,George W. Bush,2005,13
1159,George W. Bush,2005,13
1160,George W. Bush,2005,13
1161,George W. Bush,2005,13
1162,George W. Bush,2005,13
1163,George W. Bush,2005,13
1164,George W. Bush,2005,13
1165,George W. Bush,2005,13
1166,George W. Bush,2005,13
1167,George W. Bush,2005,13
1168,George W. Bush,2005,13
1169,George W. Bush,2005,13
1170,George W. Bush,2005,13
1171,George W. Bush,2005,13
1172,George W. Bush,2005,13
1173,George W. Bush,2005,13
1174,George W. Bush,2005,13
1175,George W. Bush,2005,13
1176,George W. Bush,2005,13
1177,George W. Bush,2005,13
1178,George W. Bush,2005,13
1179,George W. Bush,2005,13
1180,George W. Bush,2005,13
1181,George W. Bush,2005,13
1182,George W. Bush,2005,13
1183,George W. Bush,2005,13
1184,George W. Bush,2005,13
1185,George W. Bush,2005,13
1186,George W. Bush,2005,13
1187,George W. Bush,2005,13
1188,George W. Bush,2005,13
1189,George W. Bush,2005,13
1190,George W. Bush,2005,13
1191,George W. Bush,2005,13
1192,George W. Bush,2005,13
1193,George W. Bush,2005,13
1194,George W. Bush,2005,13
1195,George W. Bush,2005,13
1196,George W. Bush,2005,13
1197,George W. Bush,2005,13
1198,George W. Bush,2005,13
1199,George W. Bush,2005,13
1200,George W. Bush,2005,-555
1201,George W. Bush,2005,-555
1202,George W. Bush,2005,-555
1203,George W. Bush,2005,2
1204,George W. Bush,2005,2
1205,George W. Bush,2005,-555
1206,George W. Bush,2005,3
1207,George W. Bush,2005,3
1208,George W. Bush,2005,3
1209,George W. Bush,2005,3
1210,George W. Bush,2005,3
1211,George W. Bush,2005,12
1212,George W. Bush,2005,20
1213,George W. Bush,2005,20
1214,George W. Bush,2005,-555
1215,George W. Bush,2005,13
1216,George W. Bush,2005,13
1217,George W. Bush,2005,13
1218,George W. Bush,2005,13
1219,George W. Bush,2005,13
1220,George W. Bush,2005,3
1221,George W. Bush,2005,19
1222,George W. Bush,2005,2
1223,George W. Bush,2005,12
1224,George W. Bush,2005,12
1225,George W. Bush,2005,19
1226,George W. Bush,2005,19
1227,George W. Bush,2005,19
1228,George W. Bush,2005,12
1229,George W. Bush,2005,12
1230,George W. Bush,2005,19
1231,George W. Bush,2005,19
1232,George W. Bush,2005,19
1233,George W. Bush,2005,19
1234,George W. Bush,2005,19
1235,George W. Bush,2005,19
1236,George W. Bush,2005,16
1237,George W. Bush,2005,16
1238,George W. Bush,2005,19
1239,George W. Bush,2005,16
1240,George W. Bush,2005,16
1241,George W. Bush,2005,19
1242,George W. Bush,2005,19
1243,George W. Bush,2005,16
1244,George W. Bush,2005,19
1245,George W. Bush,2005,19
1246,George W. Bush,2005,19
1247,George W. Bush,2005,19
1248,George W. Bush,2005,19
1249,George W. Bush,2005,19
1250,George W. Bush,2005,19
1251,George W. Bush,2005,19
1252,George W. Bush,2005,19
1253,George W. Bush,2005,19
1254,George W. Bush,2005,19
1255,George W. Bush,2005,19
1256,George W. Bush,2005,19
1257,George W. Bush,2005,19
1258,George W. Bush,2005,19
1259,George W. Bush,2005,19
1260,George W. Bush,2005,19
1261,George W. Bush,2005,19
1262,George W. Bush,2005,19
1263,George W. Bush,2005,19
1264,George W. Bush,2005,19
1265,George W. Bush,2005,19
1266,George W. Bush,2005,19
1267,George W. Bush,2005,19
1268,George W. Bush,2005,19
1269,George W. Bush,2005,19
1270,George W. Bush,2005,19
1271,George W. Bush,2005,19
1272,George W. Bush,2005,19
1273,George W. Bush,2005,19
1274,George W. Bush,2005,16
1275,George W. Bush,2005,16
1276,George W. Bush,2005,16
1277,George W. Bush,2005,19
1278,George W. Bush,2005,16
1279,George W. Bush,2005,16
1280,George W. Bush,2005,16
1281,George W. Bush,2005,19
1282,George W. Bush,2005,19
1283,George W. Bush,2005,19
1284,George W. Bush,2005,19
1285,George W. Bush,2005,19
1286,George W. Bush,2005,19
1287,George W. Bush,2005,16
1288,George W. Bush,2005,19
1289,George W. Bush,2005,19
1290,George W. Bush,2005,16
1291,George W. Bush,2005,16
1292,George W. Bush,2005,16
1293,George W. Bush,2005,16
1294,George W. Bush,2005,16
1295,George W. Bush,2005,16
1296,George W. Bush,2005,16
1297,George W. Bush,2005,16
1298,George W. Bush,2005,16
1299,George W. Bush,2005,16
1300,George W. Bush,2005,16
1301,George W. Bush,2005,16
1302,George W. Bush,2005,16
1303,George W. Bush,2005,16
1304,George W. Bush,2005,16
1305,George W. Bush,2005,16
1306,George W. Bush,2005,16
1307,George W. Bush,2005,16
1308,George W. Bush,2005,16
1309,George W. Bush,2005,16
1310,George W. Bush,2005,16
1311,George W. Bush,2005,16
1312,George W. Bush,2005,16
1313,George W. Bush,2005,16
1314,George W. Bush,2005,16
1315,George W. Bush,2005,16
1316,George W. Bush,2005,16
1317,George W. Bush,2005,16
1318,George W. Bush,2005,16
1319,George W. Bush,2005,-555
1320,George W. Bush,2005,-555
1321,George W. Bush,2005,-555
1322,George W. Bush,2005,19
1323,George W. Bush,2005,-555
1324,George W. Bush,2005,-555
1325,George W. Bush,2005,-555
1326,George W. Bush,2005,-555
1327,George W. Bush,2005,-555
1328,George W. Bush,2005,-555
1329,George W. Bush,2005,-555
1330,George W. Bush,2005,-555
1331,George W. Bush,2005,-555
1332,George W. Bush,2006,-555
1333,George W. Bush,2006,-555
1334,George W. Bush,2006,-555
1335,George W. Bush,2006,-555
1336,George W. Bush,2006,-555
1337,George W. Bush,2006,-555
1338,George W. Bush,2006,-555
1339,George W. Bush,2006,-555
1340,George W. Bush,2006,-555
1341,George W. Bush,2006,-555
1342,George W. Bush,2006,19
1343,George W. Bush,2006,18
1344,George W. Bush,2006,19
1345,George W. Bush,2006,19
1346,George W. Bush,2006,19
1347,George W. Bush,2006,19
1348,George W. Bush,2006,19
1349,George W. Bush,2006,19
1350,George W. Bush,2006,19
1351,George W. Bush,2006,19
1352,George W. Bush,2006,19
1353,George W. Bush,2006,19
1354,George W. Bush,2006,19
1355,George W. Bush,2006,19
1356,George W. Bush,2006,19
1357,George W. Bush,2006,19
1358,George W. Bush,2006,19
1359,George W. Bush,2006,19
1360,George W. Bush,2006,19
1361,George W. Bush,2006,19
1362,George W. Bush,2006,19
1363,George W. Bush,2006,19
1364,George W. Bush,2006,19
1365,George W. Bush,2006,19
1366,George W. Bush,2006,19
1367,George W. Bush,2006,19
1368,George W. Bush,2006,19
1369,George W. Bush,2006,19
1370,George W. Bush,2006,19
1371,George W. Bush,2006,19
1372,George W. Bush,2006,19
1373,George W. Bush,2006,19
1374,George W. Bush,2006,19
1375,George W. Bush,2006,19
1376,George W. Bush,2006,19
1377,George W. Bush,2006,19
1378,George W. Bush,2006,19
1379,George W. Bush,2006,19
1380,George W. Bush,2006,19
1381,George W. Bush,2006,19
1382,George W. Bush,2006,16
1383,George W. Bush,2006,16
1384,George W. Bush,2006,16
1385,George W. Bush,2006,16
1386,George W. Bush,2006,16
1387,George W. Bush,2006,16
1388,George W. Bush,2006,16
1389,George W. Bush,2006,16
1390,George W. Bush,2006,16
1391,George W. Bush,2006,16
1392,George W. Bush,2006,16
1393,George W. Bush,2006,16
1394,George W. Bush,2006,16
1395,George W. Bush,2006,16
1396,George W. Bush,2006,16
1397,George W. Bush,2006,16
1398,George W. Bush,2006,16
1399,George W. Bush,2006,16
1400,George W. Bush,2006,16
1401,George W. Bush,2006,16
1402,George W. Bush,2006,16
1403,George W. Bush,2006,16
1404,George W. Bush,2006,16
1405,George W. Bush,2006,16
1406,George W. Bush,2006,16
1407,George W. Bush,2006,16
1408,George W. Bush,2006,16
1409,George W. Bush,2006,16
1410,George W. Bush,2006,16
1411,George W. Bush,2006,16
1412,George W. Bush,2006,16
1413,George W. Bush,2006,16
1414,George W. Bush,2006,16
1415,George W. Bush,2006,16
1416,George W. Bush,2006,16
1417,George W. Bush,2006,16
1418,George W. Bush,2006,16
1419,George W. Bush,2006,16
1420,George W. Bush,2006,16
1421,George W. Bush,2006,16
1422,George W. Bush,2006,16
1423,George W. Bush,2006,19
1424,George W. Bush,2006,19
1425,George W. Bush,2006,19
1426,George W. Bush,2006,19
1427,George W. Bush,2006,19
1428,George W. Bush,2006,19
1429,George W. Bush,2006,19
1430,George W. Bush,2006,19
1431,George W. Bush,2006,19
1432,George W. Bush,2006,19
1433,George W. Bush,2006,19
1434,George W. Bush,2006,19
1435,George W. Bush,2006,19
1436,George W. Bush,2006,19
1437,George W. Bush,2006,19
1438,George W. Bush,2006,19
1439,George W. Bush,2006,19
1440,George W. Bush,2006,19
1441,George W. Bush,2006,19
1442,George W. Bush,2006,19
1443,George W. Bush,2006,19
1444,George W. Bush,2006,19
1445,George W. Bush,2006,19
1446,George W. Bush,2006,19
1447,George W. Bush,2006,19
1448,George W. Bush,2006,19
1449,George W. Bush,2006,-555
1450,George W. Bush,2006,16
1451,George W. Bush,2006,16
1452,George W. Bush,2006,16
1453,George W. Bush,2006,16
1454,George W. Bush,2006,16
1455,George W. Bush,2006,16
1456,George W. Bush,2006,19
1457,George W. Bush,2006,19
1458,George W. Bush,2006,16
1459,George W. Bush,2006,16
1460,George W. Bush,2006,16
1461,George W. Bush,2006,16
1462,George W. Bush,2006,16
1463,George W. Bush,2006,16
1464,George W. Bush,2006,16
1465,George W. Bush,2006,19
1466,George W. Bush,2006,19
1467,George W. Bush,2006,19
1468,George W. Bush,2006,19
1469,George W. Bush,2006,16
1470,George W. Bush,2006,16
1471,George W. Bush,2006,16
1472,George W. Bush,2006,1
1473,George W. Bush,2006,1
1474,George W. Bush,2006,1
1475,George W. Bush,2006,1
1476,George W. Bush,2006,1
1477,George W. Bush,2006,19
1478,George W. Bush,2006,19
1479,George W. Bush,2006,1
1480,George W. Bush,2006,1
1481,George W. Bush,2006,1
1482,George W. Bush,2006,1
1483,George W. Bush,2006,1
1484,George W. Bush,2006,1
1485,George W. Bush,2006,1
1486,George W. Bush,2006,1
1487,George W. Bush,2006,1
1488,George W. Bush,2006,1
1489,George W. Bush,2006,1
1490,George W. Bush,2006,1
1491,George W. Bush,2006,1
1492,George W. Bush,2006,1
1493,George W. Bush,2006,1
1494,George W. Bush,2006,1
1495,George W. Bush,2006,1
1496,George W. Bush,2006,1
1497,George W. Bush,2006,20
1498,George W. Bush,2006,20
1499,George W. Bush,2006,1
1500,George W. Bush,2006,3
1501,George W. Bush,2006,3
1502,George W. Bush,2006,3
1503,George W. Bush,2006,3
1504,George W. Bush,2006,3
1505,George W. Bush,2006,1
1506,George W. Bush,2006,13
1507,George W. Bush,2006,13
1508,George W. Bush,2006,13
1509,George W. Bush,2006,13
1510,George W. Bush,2006,13
1511,George W. Bush,2006,13
1512,George W. Bush,2006,18
1513,George W. Bush,2006,18
1514,George W. Bush,2006,18
1515,George W. Bush,2006,9
1516,George W. Bush,2006,9
1517,George W. Bush,2006,9
1518,George W. Bush,2006,9
1519,George W. Bush,2006,3
1520,George W. Bush,2006,3
1521,George W. Bush,2006,3
1522,George W. Bush,2006,3
1523,George W. Bush,2006,3
1524,George W. Bush,2006,3
1525,George W. Bush,2006,3
1526,George W. Bush,2006,8
1527,George W. Bush,2006,8
1528,George W. Bush,2006,8
1529,George W. Bush,2006,8
1530,George W. Bush,2006,8
1531,George W. Bush,2006,8
1532,George W. Bush,2006,8
1533,George W. Bush,2006,8
1534,George W. Bush,2006,8
1535,George W. Bush,2006,8
1536,George W. Bush,2006,8
1537,George W. Bush,2006,8
1538,George W. Bush,2006,8
1539,George W. Bush,2006,8
1540,George W. Bush,2006,8
1541,George W. Bush,2006,-555
1542,George W. Bush,2006,-555
1543,George W. Bush,2006,-555
1544,George W. Bush,2006,17
1545,George W. Bush,2006,17
1546,George W. Bush,2006,17
1547,George W. Bush,2006,17
1548,George W. Bush,2006,17
1549,George W. Bush,2006,6
1550,George W. Bush,2006,6
1551,George W. Bush,2006,6
1552,George W. Bush,2006,6
1553,George W. Bush,2006,6
1554,George W. Bush,2006,6
1555,George W. Bush,2006,6
1556,George W. Bush,2006,17
1557,George W. Bush,2006,-555
1558,George W. Bush,2006,-555
1559,George W. Bush,2006,-555
1560,George W. Bush,2006,-555
1561,George W. Bush,2006,12
1562,George W. Bush,2006,13
1563,George W. Bush,2006,12
1564,George W. Bush,2006,2
1565,George W. Bush,2006,2
1566,George W. Bush,2006,2
1567,George W. Bush,2006,2
1568,George W. Bush,2006,2
1569,George W. Bush,2006,2
1570,George W. Bush,2006,2
1571,George W. Bush,2006,3
1572,George W. Bush,2006,2
1573,George W. Bush,2006,2
1574,George W. Bush,2006,2
1575,George W. Bush,2006,2
1576,George W. Bush,2006,20
1577,George W. Bush,2006,20
1578,George W. Bush,2006,20
1579,George W. Bush,2006,-555
1580,George W. Bush,2006,-555
1581,George W. Bush,2006,3
1582,George W. Bush,2006,3
1583,George W. Bush,2006,3
1584,George W. Bush,2006,20
1585,George W. Bush,2006,20
1586,George W. Bush,2006,20
1587,George W. Bush,2006,13
1588,George W. Bush,2006,13
1589,George W. Bush,2006,13
1590,George W. Bush,2006,6
1591,George W. Bush,2006,15
1592,George W. Bush,2006,15
1593,George W. Bush,2006,15
1594,George W. Bush,2006,15
1595,George W. Bush,2006,15
1596,George W. Bush,2006,15
1597,George W. Bush,2006,15
1598,George W. Bush,2006,2
1599,George W. Bush,2006,3
1600,George W. Bush,2006,3
1601,George W. Bush,2006,3
1602,George W. Bush,2006,3
1603,George W. Bush,2006,-555
1604,George W. Bush,2006,-555
1605,George W. Bush,2006,15
1606,George W. Bush,2006,-555
1607,George W. Bush,2006,-555
1608,George W. Bush,2006,-555
1609,George W. Bush,2006,-555
1610,George W. Bush,2006,-555
1611,George W. Bush,2006,-555
1612,George W. Bush,2006,-555
1613,George W. Bush,2006,-555
1614,George W. Bush,2006,-555
1615,George W. Bush,2006,-555
1616,George W. Bush,2006,-555
1617,George W. Bush,2006,-555
1618,George W. Bush,2006,-555
1619,George W. Bush,2007,-555
1620,George W. Bush,2007,-555
1621,George W. Bush,2007,-555
1622,George W. Bush,2007,-555
1623,George W. Bush,2007,-555
1624,George W. Bush,2007,-555
1625,George W. Bush,2007,-555
1626,George W. Bush,2007,-555
1627,George W. Bush,2007,-555
1628,George W. Bush,2007,-555
1629,George W. Bush,2007,-555
1630,George W. Bush,2007,-555
1631,George W. Bush,2007,-555
1632,George W. Bush,2007,-555
1633,George W. Bush,2007,-555
1634,George W. Bush,2007,-555
1635,George W. Bush,2007,-555
1636,George W. Bush,2007,-555
1637,George W. Bush,2007,1
1638,George W. Bush,2007,1
1639,George W. Bush,2007,1
1640,George W. Bush,2007,1
1641,George W. Bush,2007,1
1642,George W. Bush,2007,1
1643,George W. Bush,2007,1
1644,George W. Bush,2007,1
1645,George W. Bush,2007,1
1646,George W. Bush,2007,1
1647,George W. Bush,2007,1
1648,George W. Bush,2007,1
1649,George W. Bush,2007,1
1650,George W. Bush,2007,1
1651,George W. Bush,2007,1
1652,George W. Bush,2007,1
1653,George W. Bush,2007,1
1654,George W. Bush,2007,1
1655,George W. Bush,2007,1
1656,George W. Bush,2007,1
1657,George W. Bush,2007,1
1658,George W. Bush,2007,1
1659,George W. Bush,2007,1
1660,George W. Bush,2007,1
1661,George W. Bush,2007,1
1662,George W. Bush,2007,3
1663,George W. Bush,2007,1
1664,George W. Bush,2007,1
1665,George W. Bush,2007,1
1666,George W. Bush,2007,3
1667,George W. Bush,2007,6
1668,George W. Bush,2007,6
1669,George W. Bush,2007,6
1670,George W. Bush,2007,6
1671,George W. Bush,2007,6
1672,George W. Bush,2007,6
1673,George W. Bush,2007,6
1674,George W. Bush,2007,6
1675,George W. Bush,2007,3
1676,George W. Bush,2007,3
1677,George W. Bush,2007,3
1678,George W. Bush,2007,3
1679,George W. Bush,2007,3
1680,George W. Bush,2007,3
1681,George W. Bush,2007,3
1682,George W. Bush,2007,3
1683,George W. Bush,2007,3
1684,George W. Bush,2007,3
1685,George W. Bush,2007,3
1686,George W. Bush,2007,3
1687,George W. Bush,2007,3
1688,George W. Bush,2007,3
1689,George W. Bush,2007,3
1690,George W. Bush,2007,3
1691,George W. Bush,2007,3
1692,George W. Bush,2007,3
1693,George W. Bush,2007,3
1694,George W. Bush,2007,3
1695,George W. Bush,2007,3
1696,George W. Bush,2007,3
1697,George W. Bush,2007,9
1698,George W. Bush,2007,9
1699,George W. Bush,2007,12
1700,George W. Bush,2007,5
1701,George W. Bush,2007,5
1702,George W. Bush,2007,5
1703,George W. Bush,2007,9
1704,George W. Bush,2007,9
1705,George W. Bush,2007,9
1706,George W. Bush,2007,9
1707,George W. Bush,2007,9
1708,George W. Bush,2007,8
1709,George W. Bush,2007,8
1710,George W. Bush,2007,8
1711,George W. Bush,2007,8
1712,George W. Bush,2007,8
1713,George W. Bush,2007,8
1714,George W. Bush,2007,8
1715,George W. Bush,2007,8
1716,George W. Bush,2007,8
1717,George W. Bush,2007,8
1718,George W. Bush,2007,8
1719,George W. Bush,2007,8
1720,George W. Bush,2007,8
1721,George W. Bush,2007,8
1722,George W. Bush,2007,8
1723,George W. Bush,2007,8
1724,George W. Bush,2007,8
1725,George W. Bush,2007,8
1726,George W. Bush,2007,7
1727,George W. Bush,2007,12
1728,George W. Bush,2007,12
1729,George W. Bush,2007,12
1730,George W. Bush,2007,20
1731,George W. Bush,2007,20
1732,George W. Bush,2007,19
1733,George W. Bush,2007,19
1734,George W. Bush,2007,19
1735,George W. Bush,2007,16
1736,George W. Bush,2007,16
1737,George W. Bush,2007,16
1738,George W. Bush,2007,16
1739,George W. Bush,2007,19
1740,George W. Bush,2007,19
1741,George W. Bush,2007,19
1742,George W. Bush,2007,19
1743,George W. Bush,2007,19
1744,George W. Bush,2007,19
1745,George W. Bush,2007,19
1746,George W. Bush,2007,19
1747,George W. Bush,2007,19
1748,George W. Bush,2007,19
1749,George W. Bush,2007,19
1750,George W. Bush,2007,19
1751,George W. Bush,2007,19
1752,George W. Bush,2007,19
1753,George W. Bush,2007,19
1754,George W. Bush,2007,19
1755,George W. Bush,2007,19
1756,George W. Bush,2007,19
1757,George W. Bush,2007,19
1758,George W. Bush,2007,19
1759,George W. Bush,2007,19
1760,George W. Bush,2007,19
1761,George W. Bush,2007,19
1762,George W. Bush,2007,19
1763,George W. Bush,2007,19
1764,George W. Bush,2007,19
1765,George W. Bush,2007,19
1766,George W. Bush,2007,19
1767,George W. Bush,2007,19
1768,George W. Bush,2007,19
1769,George W. Bush,2007,19
1770,George W. Bush,2007,19
1771,George W. Bush,2007,19
1772,George W. Bush,2007,19
1773,George W. Bush,2007,19
1774,George W. Bush,2007,19
1775,George W. Bush,2007,19
1776,George W. Bush,2007,19
1777,George W. Bush,2007,19
1778,George W. Bush,2007,19
1779,George W. Bush,2007,19
1780,George W. Bush,2007,19
1781,George W. Bush,2007,19
1782,George W. Bush,2007,19
1783,George W. Bush,2007,19
1784,George W. Bush,2007,19
1785,George W. Bush,2007,19
1786,George W. Bush,2007,19
1787,George W. Bush,2007,19
1788,George W. Bush,2007,19
1789,George W. Bush,2007,19
1790,George W. Bush,2007,19
1791,George W. Bush,2007,19
1792,George W. Bush,2007,19
1793,George W. Bush,2007,19
1794,George W. Bush,2007,16
1795,George W. Bush,2007,16
1796,George W. Bush,2007,16
1797,George W. Bush,2007,16
1798,George W. Bush,2007,16
1799,George W. Bush,2007,16
1800,George W. Bush,2007,16
1801,George W. Bush,2007,16
1802,George W. Bush,2007,16
1803,George W. Bush,2007,16
1804,George W. Bush,2007,16
1805,George W. Bush,2007,16
1806,George W. Bush,2007,16
1807,George W. Bush,2007,16
1808,George W. Bush,2007,19
1809,George W. Bush,2007,19
1810,George W. Bush,2007,19
1811,George W. Bush,2007,19
1812,George W. Bush,2007,19
1813,George W. Bush,2007,19
1814,George W. Bush,2007,16
1815,George W. Bush,2007,16
1816,George W. Bush,2007,16
1817,George W. Bush,2007,16
1818,George W. Bush,2007,16
1819,George W. Bush,2007,16
1820,George W. Bush,2007,16
1821,George W. Bush,2007,16
1822,George W. Bush,2007,16
1823,George W. Bush,2007,16
1824,George W. Bush,2007,16
1825,George W. Bush,2007,16
1826,George W. Bush,2007,16
1827,George W. Bush,2007,16
1828,George W. Bush,2007,16
1829,George W. Bush,2007,16
1830,George W. Bush,2007,16
1831,George W. Bush,2007,16
1832,George W. Bush,2007,16
1833,George W. Bush,2007,16
1834,George W. Bush,2007,16
1835,George W. Bush,2007,16
1836,George W. Bush,2007,16
1837,George W. Bush,2007,16
1838,George W. Bush,2007,16
1839,George W. Bush,2007,16
1840,George W. Bush,2007,16
1841,George W. Bush,2007,16
1842,George W. Bush,2007,16
1843,George W. Bush,2007,16
1844,George W. Bush,2007,16
1845,George W. Bush,2007,16
1846,George W. Bush,2007,16
1847,George W. Bush,2007,16
1848,George W. Bush,2007,16
1849,George W. Bush,2007,16
1850,George W. Bush,2007,19
1851,George W. Bush,2007,19
1852,George W. Bush,2007,19
1853,George W. Bush,2007,16
1854,George W. Bush,2007,19
1855,George W. Bush,2007,19
1856,George W. Bush,2007,19
1857,George W. Bush,2007,19
1858,George W. Bush,2007,19
1859,George W. Bush,2007,19
1860,George W. Bush,2007,19
1861,George W. Bush,2007,19
1862,George W. Bush,2007,19
1863,George W. Bush,2007,19
1864,George W. Bush,2007,-555
1865,George W. Bush,2007,-555
1866,George W. Bush,2007,-555
1867,George W. Bush,2007,-555
1868,George W. Bush,2007,-555
1869,George W. Bush,2007,-555
1870,George W. Bush,2007,-555
1871,George W. Bush,2007,-555
1872,George W. Bush,2007,-555
1873,George W. Bush,2007,-555
1874,George W. Bush,2007,-555
1875,George W. Bush,2007,-555
1876,George W. Bush,2007,-555
1877,George W. Bush,2007,-555
1878,George W. Bush,2007,-555
1879,George W. Bush,2007,-555
1880,George W. Bush,2007,-555
1881,George W. Bush,2007,-555
1882,George W. Bush,2007,-555
1883,George W. Bush,2007,-555
1884,George W. Bush,2007,-555
1885,George W. Bush,2007,-555
1886,George W. Bush,2007,-555
1887,George W. Bush,2007,-555
1888,George W. Bush,2007,-555
1889,George W. Bush,2007,-555
1890,George W. Bush,2007,-555
1891,George W. Bush,2007,-555
1892,George W. Bush,2007,-555
1893,George W. Bush,2007,-555
1894,George W. Bush,2007,-555
1895,George W. Bush,2007,-555
1896,George W. Bush,2007,-555
1897,George W. Bush,2007,-555
1898,George W. Bush,2007,-555
1899,George W. Bush,2007,-555
1900,George W. Bush,2007,-555
1901,George W. Bush,2007,-555
1902,George W. Bush,2007,-555
1903,George W. Bush,2007,-555
1904,George W. Bush,2007,-555
1905,George W. Bush,2007,-555
1906,George W. Bush,2007,-555
1907,George W. Bush,2008,-555
1908,George W. Bush,2008,-555
1909,George W. Bush,2008,-555
1910,George W. Bush,2008,-555
1911,George W. Bush,2008,-555
1912,George W. Bush,2008,-555
1913,George W. Bush,2008,-555
1914,George W. Bush,2008,-555
1915,George W. Bush,2008,-555
1916,George W. Bush,2008,-555
1917,George W. Bush,2008,-555
1918,George W. Bush,2008,-555
1919,George W. Bush,2008,-555
1920,George W. Bush,2008,-555
1921,George W. Bush,2008,-555
1922,George W. Bush,2008,-555
1923,George W. Bush,2008,-555
1924,George W. Bush,2008,-555
1925,George W. Bush,2008,-555
1926,George W. Bush,2008,-555
1927,George W. Bush,2008,1
1928,George W. Bush,2008,1
1929,George W. Bush,2008,1
1930,George W. Bush,2008,1
1931,George W. Bush,2008,1
1932,George W. Bush,2008,1
1933,George W. Bush,2008,1
1934,George W. Bush,2008,1
1935,George W. Bush,2008,1
1936,George W. Bush,2008,1
1937,George W. Bush,2008,1
1938,George W. Bush,2008,1
1939,George W. Bush,2008,1
1940,George W. Bush,2008,1
1941,George W. Bush,2008,1
1942,George W. Bush,2008,1
1943,George W. Bush,2008,1
1944,George W. Bush,2008,1
1945,George W. Bush,2008,1
1946,George W. Bush,2008,1
1947,George W. Bush,2008,1
1948,George W. Bush,2008,1
1949,George W. Bush,2008,1
1950,George W. Bush,2008,1
1951,George W. Bush,2008,1
1952,George W. Bush,2008,1
1953,George W. Bush,2008,1
1954,George W. Bush,2008,1
1955,George W. Bush,2008,1
1956,George W. Bush,2008,1
1957,George W. Bush,2008,1
1958,George W. Bush,2008,1
1959,George W. Bush,2008,1
1960,George W. Bush,2008,1
1961,George W. Bush,2008,1
1962,George W. Bush,2008,1
1963,George W. Bush,2008,14
1964,George W. Bush,2008,14
1965,George W. Bush,2008,14
1966,George W. Bush,2008,14
1967,George W. Bush,2008,14
1968,George W. Bush,2008,3
1969,George W. Bush,2008,3
1970,George W. Bush,2008,3
1971,George W. Bush,2008,3
1972,George W. Bush,2008,3
1973,George W. Bush,2008,3
1974,George W. Bush,2008,3
1975,George W. Bush,2008,6
1976,George W. Bush,2008,6
1977,George W. Bush,2008,6
1978,George W. Bush,2008,6
1979,George W. Bush,2008,6
1980,George W. Bush,2008,6
1981,George W. Bush,2008,6
1982,George W. Bush,2008,6
1983,George W. Bush,2008,6
1984,George W. Bush,2008,6
1985,George W. Bush,2008,6
1986,George W. Bush,2008,6
1987,George W. Bush,2008,6
1988,George W. Bush,2008,6
1989,George W. Bush,2008,6
1990,George W. Bush,2008,6
1991,George W. Bush,2008,18
1992,George W. Bush,2008,18
1993,George W. Bush,2008,18
1994,George W. Bush,2008,18
1995,George W. Bush,2008,18
1996,George W. Bush,2008,18
1997,George W. Bush,2008,18
1998,George W. Bush,2008,18
1999,George W. Bush,2008,18
2000,George W. Bush,2008,18
2001,George W. Bush,2008,18
2002,George W. Bush,2008,18
2003,George W. Bush,2008,18
2004,George W. Bush,2008,18
2005,George W. Bush,2008,18
2006,George W. Bush,2008,18
2007,George W. Bush,2008,5
2008,George W. Bush,2008,5
2009,George W. Bush,2008,8
2010,George W. Bush,2008,8
2011,George W. Bush,2008,8
2012,George W. Bush,2008,8
2013,George W. Bush,2008,8
2014,George W. Bush,2008,8
2015,George W. Bush,2008,8
2016,George W. Bush,2008,7
2017,George W. Bush,2008,7
2018,George W. Bush,2008,7
2019,George W. Bush,2008,8
2020,George W. Bush,2008,8
2021,George W. Bush,2008,8
2022,George W. Bush,2008,8
2023,George W. Bush,2008,8
2024,George W. Bush,2008,3
2025,George W. Bush,2008,3
2026,George W. Bush,2008,3
2027,George W. Bush,2008,3
2028,George W. Bush,2008,3
2029,George W. Bush,2008,3
2030,George W. Bush,2008,12
2031,George W. Bush,2008,12
2032,George W. Bush,2008,12
2033,George W. Bush,2008,12
2034,George W. Bush,2008,13
2035,George W. Bush,2008,13
2036,George W. Bush,2008,13
2037,George W. Bush,2008,13
2038,George W. Bush,2008,13
2039,George W. Bush,2008,13
2040,George W. Bush,2008,15
2041,George W. Bush,2008,15
2042,George W. Bush,2008,15
2043,George W. Bush,2008,18
2044,George W. Bush,2008,1
2045,George W. Bush,2008,13
2046,George W. Bush,2008,13
2047,George W. Bush,2008,3
2048,George W. Bush,2008,3
2049,George W. Bush,2008,9
2050,George W. Bush,2008,9
2051,George W. Bush,2008,9
2052,George W. Bush,2008,9
2053,George W. Bush,2008,9
2054,George W. Bush,2008,9
2055,George W. Bush,2008,9
2056,George W. Bush,2008,9
2057,George W. Bush,2008,9
2058,George W. Bush,2008,9
2059,George W. Bush,2008,19
2060,George W. Bush,2008,19
2061,George W. Bush,2008,-555
2062,George W. Bush,2008,19
2063,George W. Bush,2008,19
2064,George W. Bush,2008,19
2065,George W. Bush,2008,19
2066,George W. Bush,2008,-555
2067,George W. Bush,2008,-555
2068,George W. Bush,2008,19
2069,George W. Bush,2008,19
2070,George W. Bush,2008,19
2071,George W. Bush,2008,19
2072,George W. Bush,2008,19
2073,George W. Bush,2008,19
2074,George W. Bush,2008,19
2075,George W. Bush,2008,19
2076,George W. Bush,2008,19
2077,George W. Bush,2008,19
2078,George W. Bush,2008,19
2079,George W. Bush,2008,19
2080,George W. Bush,2008,19
2081,George W. Bush,2008,19
2082,George W. Bush,2008,19
2083,George W. Bush,2008,19
2084,George W. Bush,2008,19
2085,George W. Bush,2008,16
2086,George W. Bush,2008,16
2087,George W. Bush,2008,16
2088,George W. Bush,2008,19
2089,George W. Bush,2008,16
2090,George W. Bush,2008,16
2091,George W. Bush,2008,16
2092,George W. Bush,2008,16
2093,George W. Bush,2008,19
2094,George W. Bush,2008,19
2095,George W. Bush,2008,19
2096,George W. Bush,2008,19
2097,George W. Bush,2008,19
2098,George W. Bush,2008,16
2099,George W. Bush,2008,16
2100,George W. Bush,2008,16
2101,George W. Bush,2008,16
2102,George W. Bush,2008,16
2103,George W. Bush,2008,19
2104,George W. Bush,2008,16
2105,George W. Bush,2008,16
2106,George W. Bush,2008,16
2107,George W. Bush,2008,16
2108,George W. Bush,2008,16
2109,George W. Bush,2008,16
2110,George W. Bush,2008,16
2111,George W. Bush,2008,16
2112,George W. Bush,2008,16
2113,George W. Bush,2008,16
2114,George W. Bush,2008,16
2115,George W. Bush,2008,16
2116,George W. Bush,2008,16
2117,George W. Bush,2008,16
2118,George W. Bush,2008,16
2119,George W. Bush,2008,16
2120,George W. Bush,2008,16
2121,George W. Bush,2008,16
2122,George W. Bush,2008,16
2123,George W. Bush,2008,16
2124,George W. Bush,2008,16
2125,George W. Bush,2008,16
2126,George W. Bush,2008,16
2127,George W. Bush,2008,16
2128,George W. Bush,2008,16
2129,George W. Bush,2008,16
2130,George W. Bush,2008,19
2131,George W. Bush,2008,19
2132,George W. Bush,2008,19
2133,George W. Bush,2008,19
2134,George W. Bush,2008,19
2135,George W. Bush,2008,19
2136,George W. Bush,2008,19
2137,George W. Bush,2008,19
2138,George W. Bush,2008,16
2139,George W. Bush,2008,16
2140,George W. Bush,2008,16
2141,George W. Bush,2008,19
2142,George W. Bush,2008,16
2143,George W. Bush,2008,19
2144,George W. Bush,2008,19
2145,George W. Bush,2008,19
2146,George W. Bush,2008,19
2147,George W. Bush,2008,19
2148,George W. Bush,2008,19
2149,George W. Bush,2008,19
2150,George W. Bush,2008,19
2151,George W. Bush,2008,19
2152,George W. Bush,2008,19
2153,George W. Bush,2008,19
2154,George W. Bush,2008,19
2155,George W. Bush,2008,19
2156,George W. Bush,2008,19
2157,George W. Bush,2008,19
2158,George W. Bush,2008,19
2159,George W. Bush,2008,19
2160,George W. Bush,2008,19
2161,George W. Bush,2008,19
2162,George W. Bush,2008,19
2163,George W. Bush,2008,19
2164,George W. Bush,2008,16
2165,George W. Bush,2008,16
2166,George W. Bush,2008,16
2167,George W. Bush,2008,16
2168,George W. Bush,2008,16
2169,George W. Bush,2008,16
2170,George W. Bush,2008,16
2171,George W. Bush,2008,16
2172,George W. Bush,2008,16
2173,George W. Bush,2008,16
2174,George W. Bush,2008,16
2175,George W. Bush,2008,16
2176,George W. Bush,2008,16
2177,George W. Bush,2008,16
2178,George W. Bush,2008,16
2179,George W. Bush,2008,16
2180,George W. Bush,2008,16
2181,George W. Bush,2008,16
2182,George W. Bush,2008,16
2183,George W. Bush,2008,16
2184,George W. Bush,2008,16
2185,George W. Bush,2008,16
2186,George W. Bush,2008,16
2187,George W. Bush,2008,16
2188,George W. Bush,2008,19
2189,George W. Bush,2008,19
2190,George W. Bush,2008,19
2191,George W. Bush,2008,19
2192,George W. Bush,2008,19
2193,George W. Bush,2008,19
2194,George W. Bush,2008,19
2195,George W. Bush,2008,19
2196,George W. Bush,2008,19
2197,George W. Bush,2008,19
2198,George W. Bush,2008,19
2199,George W. Bush,2008,19
2200,George W. Bush,2008,19
2201,George W. Bush,2008,19
2202,George W. Bush,2008,16
2203,George W. Bush,2008,16
2204,George W. Bush,2008,16
2205,George W. Bush,2008,16
2206,George W. Bush,2008,16
2207,George W. Bush,2008,16
2208,George W. Bush,2008,16
2209,George W. Bush,2008,16
2210,George W. Bush,2008,16
2211,George W. Bush,2008,16
2212,George W. Bush,2008,-555
2213,George W. Bush,2008,-555
2214,George W. Bush,2008,-555
2215,George W. Bush,2008,-555
2216,George W. Bush,2008,-555
2217,George W. Bush,2008,-555
2218,George W. Bush,2008,-555
2219,George W. Bush,2008,-555
2220,George W. Bush,2008,1