president,year,majortopic
George W. Bush,2001,0
George W. Bush,2001,0
George W. Bush,2001,0
George W. Bush,2001,0
George W. Bush,2001,0
George W. Bush,2001,0
George W. Bush,2001,0
George W. Bush,2001,0
George W. Bush,2001,0
George W. Bush,2001,0
George W. Bush,2001,0
George W. Bush,2001,0
George W. Bush,2001,0
George W. Bush,2001,0
George W. Bush,2001,0
George W. Bush,2001,1
George W. Bush,2001,1
George W. Bush,2001,0
George W. Bush,2001,0
George W. Bush,2001,0
George W. Bush,2001,0
George W. Bush,2001,0
George W. Bush,2001,1
George W. Bush,2001,1
George W. Bush,2001,0
George W. Bush,2001,0
George W. Bush,2001,1
George W. Bush,2001,0
George W. Bush,2001,0
George W. Bush,2001,1
George W. Bush,2001,1
George W. Bush,2001,1
George W. Bush,2001,1
George W. Bush,2001,1
George W. Bush,2001,1
George W. Bush,2001,1
George W. Bush,2001,1
George W. Bush,2001,1
George W. Bush,2001,6
George W. Bush,2001,6
George W. Bush,2001,6
George W. Bush,2001,6
George W. Bush,2001,6
George W. Bush,2001,6
George W. Bush,2001,6
George W. Bush,2001,6
George W. Bush,2001,6
George W. Bush,2001,6
George W. Bush,2001,6
George W. Bush,2001,6
George W. Bush,2001,6
George W. Bush,2001,6
George W. Bush,2001,6
George W. Bush,2001,6
George W. Bush,2001,6
George W. Bush,2001,6
George W. Bush,2001,6
George W. Bush,2001,6
George W. Bush,2001,6
George W. Bush,2001,6
George W. Bush,2001,6
George W. Bush,2001,6
George W. Bush,2001,6
George W. Bush,2001,6
George W. Bush,2001,6
George W. Bush,2001,6
George W. Bush,2001,6
George W. Bush,2001,13
George W. Bush,2001,13
George W. Bush,2001,13
George W. Bush,2001,3
George W. Bush,2001,13
George W. Bush,2001,3
George W. Bush,2001,3
George W. Bush,2001,3
George W. Bush,2001,3
George W. Bush,2001,3
George W. Bush,2001,3
George W. Bush,2001,12
George W. Bush,2001,3
George W. Bush,2001,3
George W. Bush,2001,0
George W. Bush,2001,3
George W. Bush,2001,13
George W. Bush,2001,13
George W. Bush,2001,16
George W. Bush,2001,16
George W. Bush,2001,16
George W. Bush,2001,16
George W. Bush,2001,3
George W. Bush,2001,7
George W. Bush,2001,7
George W. Bush,2001,21
George W. Bush,2001,21
George W. Bush,2001,21
George W. Bush,2001,21
George W. Bush,2001,13
George W. Bush,2001,13
George W. Bush,2001,13
George W. Bush,2001,13
George W. Bush,2001,13
George W. Bush,2001,13
George W. Bush,2001,2
George W. Bush,2001,13
George W. Bush,2001,13
George W. Bush,2001,13
George W. Bush,2001,13
George W. Bush,2001,0
George W. Bush,2001,0
George W. Bush,2001,0
George W. Bush,2001,0
George W. Bush,2001,0
George W. Bush,2001,0
George W. Bush,2001,0
George W. Bush,2001,0
George W. Bush,2001,13
George W. Bush,2001,0
George W. Bush,2001,2
George W. Bush,2001,2
George W. Bush,2001,2
George W. Bush,2001,2
George W. Bush,2001,12
George W. Bush,2001,12
George W. Bush,2001,12
George W. Bush,2001,12
George W. Bush,2001,1
George W. Bush,2001,13
George W. Bush,2001,1
George W. Bush,2001,1
George W. Bush,2001,1
George W. Bush,2001,1
George W. Bush,2001,1
George W. Bush,2001,1
George W. Bush,2001,1
George W. Bush,2001,1
George W. Bush,2001,16
George W. Bush,2001,3
George W. Bush,2001,1
George W. Bush,2001,1
George W. Bush,2001,1
George W. Bush,2001,1
George W. Bush,2001,1
George W. Bush,2001,1
George W. Bush,2001,1
George W. Bush,2001,0
George W. Bush,2001,0
George W. Bush,2001,0
George W. Bush,2001,0
George W. Bush,2001,0
George W. Bush,2001,1
George W. Bush,2001,1
George W. Bush,2001,1
George W. Bush,2001,1
George W. Bush,2001,0
George W. Bush,2001,0
George W. Bush,2001,1
George W. Bush,2001,1
George W. Bush,2001,1
George W. Bush,2001,1
George W. Bush,2001,1
George W. Bush,2001,1
George W. Bush,2001,1
George W. Bush,2001,1
George W. Bush,2001,20
George W. Bush,2001,1
George W. Bush,2001,1
George W. Bush,2001,15
George W. Bush,2001,15
George W. Bush,2001,20
George W. Bush,2001,1
George W. Bush,2001,1
George W. Bush,2001,1
George W. Bush,2001,1
George W. Bush,2001,1
George W. Bush,2001,1
George W. Bush,2001,1
George W. Bush,2001,1
George W. Bush,2001,6
George W. Bush,2001,1
George W. Bush,2001,1
George W. Bush,2001,0
George W. Bush,2001,0
George W. Bush,2001,0
George W. Bush,2001,0
George W. Bush,2001,0
George W. Bush,2001,0
George W. Bush,2001,1
George W. Bush,2001,1
George W. Bush,2001,1
George W. Bush,2001,1
George W. Bush,2001,6
George W. Bush,2001,0
George W. Bush,2001,1
George W. Bush,2001,1
George W. Bush,2001,1
George W. Bush,2001,1
George W. Bush,2001,1
George W. Bush,2001,1
George W. Bush,2001,0
George W. Bush,2001,0
George W. Bush,2001,1
George W. Bush,2001,1
George W. Bush,2001,1
George W. Bush,2001,1
George W. Bush,2001,1
George W. Bush,2001,1
George W. Bush,2001,1
George W. Bush,2001,1
George W. Bush,2001,1
George W. Bush,2001,1
George W. Bush,2001,1
George W. Bush,2001,1
George W. Bush,2001,0
George W. Bush,2001,0
George W. Bush,2001,1
George W. Bush,2001,19
George W. Bush,2001,19
George W. Bush,2001,18
George W. Bush,2001,19
George W. Bush,2001,19
George W. Bush,2001,19
George W. Bush,2001,16
George W. Bush,2001,16
George W. Bush,2001,16
George W. Bush,2001,16
George W. Bush,2001,16
George W. Bush,2001,16
George W. Bush,2001,16
George W. Bush,2001,19
George W. Bush,2001,16
George W. Bush,2001,16
George W. Bush,2001,0
George W. Bush,2001,16
George W. Bush,2001,18
George W. Bush,2001,18
George W. Bush,2001,18
George W. Bush,2001,18
George W. Bush,2001,8
George W. Bush,2001,8
George W. Bush,2001,8
George W. Bush,2001,8
George W. Bush,2001,8
George W. Bush,2001,8
George W. Bush,2001,8
George W. Bush,2001,8
George W. Bush,2001,8
George W. Bush,2001,13
George W. Bush,2001,13
George W. Bush,2001,3
George W. Bush,2001,3
George W. Bush,2001,3
George W. Bush,2001,3
George W. Bush,2001,13
George W. Bush,2001,13
George W. Bush,2001,13
George W. Bush,2001,5
George W. Bush,2001,0
George W. Bush,2001,13
George W. Bush,2001,13
George W. Bush,2001,13
George W. Bush,2001,13
George W. Bush,2001,13
George W. Bush,2001,13
George W. Bush,2001,13
George W. Bush,2001,13
George W. Bush,2001,13
George W. Bush,2001,13
George W. Bush,2001,20
George W. Bush,2001,0
George W. Bush,2001,0
George W. Bush,2001,0
George W. Bush,2001,0
George W. Bush,2001,0
George W. Bush,2001,0
George W. Bush,2001,0
George W. Bush,2001,0
George W. Bush,2001,0
George W. Bush,2001,0
George W. Bush,2001,0
George W. Bush,2001,0
George W. Bush,2001,0
George W. Bush,2001,0
George W. Bush,2001,0
George W. Bush,2001,0
George W. Bush,2001,0
George W. Bush,2001,0
George W. Bush,2001,0
George W. Bush,2001,0
George W. Bush,2001,0
George W. Bush,2001,0
George W. Bush,2001,0
George W. Bush,2002,0
George W. Bush,2002,0
George W. Bush,2002,0
George W. Bush,2002,19
George W. Bush,2002,19
George W. Bush,2002,19
George W. Bush,2002,19
George W. Bush,2002,19
George W. Bush,2002,19
George W. Bush,2002,19
George W. Bush,2002,19
George W. Bush,2002,19
George W. Bush,2002,19
George W. Bush,2002,19
George W. Bush,2002,19
George W. Bush,2002,19
George W. Bush,2002,19
George W. Bush,2002,19
George W. Bush,2002,19
George W. Bush,2002,19
George W. Bush,2002,19
George W. Bush,2002,19
George W. Bush,2002,19
George W. Bush,2002,19
George W. Bush,2002,19
George W. Bush,2002,19
George W. Bush,2002,19
George W. Bush,2002,19
George W. Bush,2002,19
George W. Bush,2002,19
George W. Bush,2002,19
George W. Bush,2002,19
George W. Bush,2002,19
George W. Bush,2002,19
George W. Bush,2002,19
George W. Bush,2002,19
George W. Bush,2002,19
George W. Bush,2002,19
George W. Bush,2002,19
George W. Bush,2002,19
George W. Bush,2002,19
George W. Bush,2002,19
George W. Bush,2002,19
George W. Bush,2002,19
George W. Bush,2002,19
George W. Bush,2002,19
George W. Bush,2002,19
George W. Bush,2002,19
George W. Bush,2002,19
George W. Bush,2002,19
George W. Bush,2002,19
George W. Bush,2002,19
George W. Bush,2002,19
George W. Bush,2002,19
George W. Bush,2002,19
George W. Bush,2002,19
George W. Bush,2002,19
George W. Bush,2002,19
George W. Bush,2002,19
George W. Bush,2002,19
George W. Bush,2002,19
George W. Bush,2002,19
George W. Bush,2002,19
George W. Bush,2002,19
George W. Bush,2002,19
George W. Bush,2002,19
George W. Bush,2002,19
George W. Bush,2002,19
George W. Bush,2002,19
George W. Bush,2002,19
George W. Bush,2002,19
George W. Bush,2002,19
George W. Bush,2002,19
George W. Bush,2002,19
George W. Bush,2002,19
George W. Bush,2002,19
George W. Bush,2002,16
George W. Bush,2002,1
George W. Bush,2002,0
George W. Bush,2002,0
George W. Bush,2002,0
George W. Bush,2002,0
George W. Bush,2002,19
George W. Bush,2002,19
George W. Bush,2002,19
George W. Bush,2002,16
George W. Bush,2002,16
George W. Bush,2002,16
George W. Bush,2002,16
George W. Bush,2002,12
George W. Bush,2002,12
George W. Bush,2002,12
George W. Bush,2002,12
George W. Bush,2002,12
George W. Bush,2002,12
George W. Bush,2002,12
George W. Bush,2002,16
George W. Bush,2002,3
George W. Bush,2002,12
George W. Bush,2002,12
George W. Bush,2002,12
George W. Bush,2002,19
George W. Bush,2002,12
George W. Bush,2002,12
George W. Bush,2002,12
George W. Bush,2002,19
George W. Bush,2002,19
George W. Bush,2002,19
George W. Bush,2002,19
George W. Bush,2002,1
George W. Bush,2002,1
George W. Bush,2002,1
George W. Bush,2002,1
George W. Bush,2002,5
George W. Bush,2002,5
George W. Bush,2002,6
George W. Bush,2002,6
George W. Bush,2002,0
George W. Bush,2002,0
George W. Bush,2002,0
George W. Bush,2002,6
George W. Bush,2002,6
George W. Bush,2002,8
George W. Bush,2002,8
George W. Bush,2002,18
George W. Bush,2002,18
George W. Bush,2002,8
George W. Bush,2002,1
George W. Bush,2002,1
George W. Bush,2002,1
George W. Bush,2002,1
George W. Bush,2002,1
George W. Bush,2002,1
George W. Bush,2002,5
George W. Bush,2002,13
George W. Bush,2002,13
George W. Bush,2002,3
George W. Bush,2002,3
George W. Bush,2002,5
George W. Bush,2002,5
George W. Bush,2002,5
George W. Bush,2002,5
George W. Bush,2002,5
George W. Bush,2002,5
George W. Bush,2002,4
George W. Bush,2002,19
George W. Bush,2002,0
George W. Bush,2002,0
George W. Bush,2002,0
George W. Bush,2002,0
George W. Bush,2002,0
George W. Bush,2002,0
George W. Bush,2002,0
George W. Bush,2002,0
George W. Bush,2002,0
George W. Bush,2002,0
George W. Bush,2002,0
George W. Bush,2002,0
George W. Bush,2002,0
George W. Bush,2002,0
George W. Bush,2002,13
George W. Bush,2002,13
George W. Bush,2002,13
George W. Bush,2002,13
George W. Bush,2002,13
George W. Bush,2002,12
George W. Bush,2002,3
George W. Bush,2002,12
George W. Bush,2002,13
George W. Bush,2002,6
George W. Bush,2002,13
George W. Bush,2002,0
George W. Bush,2002,19
George W. Bush,2002,0
George W. Bush,2002,0
George W. Bush,2002,0
George W. Bush,2002,0
George W. Bush,2002,0
George W. Bush,2002,0
George W. Bush,2002,0
George W. Bush,2002,0
George W. Bush,2002,0
George W. Bush,2002,0
George W. Bush,2002,0
George W. Bush,2002,2
George W. Bush,2002,2
George W. Bush,2002,2
George W. Bush,2002,2
George W. Bush,2002,2
George W. Bush,2002,0
George W. Bush,2002,19
George W. Bush,2002,0
George W. Bush,2002,19
George W. Bush,2002,18
George W. Bush,2002,19
George W. Bush,2002,0
George W. Bush,2002,0
George W. Bush,2002,0
George W. Bush,2002,0
George W. Bush,2002,0
George W. Bush,2002,0
George W. Bush,2002,0
George W. Bush,2002,0
George W. Bush,2002,0
George W. Bush,2002,0
George W. Bush,2002,0
George W. Bush,2002,0
George W. Bush,2002,0
George W. Bush,2002,0
George W. Bush,2002,0
George W. Bush,2002,0
George W. Bush,2002,0
George W. Bush,2002,0
George W. Bush,2002,0
George W. Bush,2002,0
George W. Bush,2003,0
George W. Bush,2003,0
George W. Bush,2003,0
George W. Bush,2003,20
George W. Bush,2003,19
George W. Bush,2003,0
George W. Bush,2003,0
George W. Bush,2003,0
George W. Bush,2003,0
George W. Bush,2003,0
George W. Bush,2003,0
George W. Bush,2003,0
George W. Bush,2003,0
George W. Bush,2003,0
George W. Bush,2003,6
George W. Bush,2003,12
George W. Bush,2003,1
George W. Bush,2003,12
George W. Bush,2003,0
George W. Bush,2003,0
George W. Bush,2003,0
George W. Bush,2003,1
George W. Bush,2003,1
George W. Bush,2003,1
George W. Bush,2003,1
George W. Bush,2003,1
George W. Bush,2003,1
George W. Bush,2003,1
George W. Bush,2003,1
George W. Bush,2003,1
George W. Bush,2003,1
George W. Bush,2003,1
George W. Bush,2003,1
George W. Bush,2003,15
George W. Bush,2003,1
George W. Bush,2003,1
George W. Bush,2003,1
George W. Bush,2003,15
George W. Bush,2003,15
George W. Bush,2003,15
George W. Bush,2003,1
George W. Bush,2003,1
George W. Bush,2003,1
George W. Bush,2003,1
George W. Bush,2003,1
George W. Bush,2003,1
George W. Bush,2003,1
George W. Bush,2003,13
George W. Bush,2003,13
George W. Bush,2003,3
George W. Bush,2003,3
George W. Bush,2003,3
George W. Bush,2003,3
George W. Bush,2003,3
George W. Bush,2003,3
George W. Bush,2003,3
George W. Bush,2003,3
George W. Bush,2003,3
George W. Bush,2003,3
George W. Bush,2003,3
George W. Bush,2003,3
George W. Bush,2003,3
George W. Bush,2003,3
George W. Bush,2003,3
George W. Bush,2003,3
George W. Bush,2003,3
George W. Bush,2003,3
George W. Bush,2003,7
George W. Bush,2003,8
George W. Bush,2003,7
George W. Bush,2003,21
George W. Bush,2003,7
George W. Bush,2003,7
George W. Bush,2003,7
George W. Bush,2003,7
George W. Bush,2003,8
George W. Bush,2003,8
George W. Bush,2003,8
George W. Bush,2003,0
George W. Bush,2003,13
George W. Bush,2003,13
George W. Bush,2003,13
George W. Bush,2003,13
George W. Bush,2003,13
George W. Bush,2003,13
George W. Bush,2003,13
George W. Bush,2003,13
George W. Bush,2003,13
George W. Bush,2003,13
George W. Bush,2003,13
George W. Bush,2003,13
George W. Bush,2003,3
George W. Bush,2003,3
George W. Bush,2003,3
George W. Bush,2003,3
George W. Bush,2003,3
George W. Bush,2003,3
George W. Bush,2003,3
George W. Bush,2003,3
George W. Bush,2003,3
George W. Bush,2003,3
George W. Bush,2003,3
George W. Bush,2003,2
George W. Bush,2003,2
George W. Bush,2003,2
George W. Bush,2003,0
George W. Bush,2003,0
George W. Bush,2003,0
George W. Bush,2003,19
George W. Bush,2003,19
George W. Bush,2003,19
George W. Bush,2003,19
George W. Bush,2003,19
George W. Bush,2003,19
George W. Bush,2003,19
George W. Bush,2003,19
George W. Bush,2003,19
George W. Bush,2003,19
George W. Bush,2003,19
George W. Bush,2003,19
George W. Bush,2003,19
George W. Bush,2003,19
George W. Bush,2003,19
George W. Bush,2003,19
George W. Bush,2003,19
George W. Bush,2003,19
George W. Bush,2003,19
George W. Bush,2003,19
George W. Bush,2003,19
George W. Bush,2003,19
George W. Bush,2003,19
George W. Bush,2003,3
George W. Bush,2003,19
George W. Bush,2003,19
George W. Bush,2003,19
George W. Bush,2003,19
George W. Bush,2003,19
George W. Bush,2003,19
George W. Bush,2003,19
George W. Bush,2003,19
George W. Bush,2003,19
George W. Bush,2003,19
George W. Bush,2003,19
George W. Bush,2003,19
George W. Bush,2003,19
George W. Bush,2003,19
George W. Bush,2003,19
George W. Bush,2003,19
George W. Bush,2003,19
George W. Bush,2003,19
George W. Bush,2003,19
George W. Bush,2003,12
George W. Bush,2003,12
George W. Bush,2003,12
George W. Bush,2003,12
George W. Bush,2003,12
George W. Bush,2003,12
George W. Bush,2003,3
George W. Bush,2003,12
George W. Bush,2003,12
George W. Bush,2003,12
George W. Bush,2003,12
George W. Bush,2003,12
George W. Bush,2003,19
George W. Bush,2003,19
George W. Bush,2003,19
George W. Bush,2003,16
George W. Bush,2003,16
George W. Bush,2003,16
George W. Bush,2003,16
George W. Bush,2003,16
George W. Bush,2003,19
George W. Bush,2003,19
George W. Bush,2003,19
George W. Bush,2003,19
George W. Bush,2003,19
George W. Bush,2003,19
George W. Bush,2003,19
George W. Bush,2003,19
George W. Bush,2003,19
George W. Bush,2003,19
George W. Bush,2003,19
George W. Bush,2003,19
George W. Bush,2003,19
George W. Bush,2003,19
George W. Bush,2003,19
George W. Bush,2003,19
George W. Bush,2003,19
George W. Bush,2003,19
George W. Bush,2003,19
George W. Bush,2003,19
George W. Bush,2003,19
George W. Bush,2003,19
George W. Bush,2003,19
George W. Bush,2003,19
George W. Bush,2003,19
George W. Bush,2003,19
George W. Bush,2003,19
George W. Bush,2003,19
George W. Bush,2003,19
George W. Bush,2003,19
George W. Bush,2003,19
George W. Bush,2003,19
George W. Bush,2003,19
George W. Bush,2003,19
George W. Bush,2003,19
George W. Bush,2003,19
George W. Bush,2003,19
George W. Bush,2003,19
George W. Bush,2003,19
George W. Bush,2003,19
George W. Bush,2003,19
George W. Bush,2003,19
George W. Bush,2003,19
George W. Bush,2003,19
George W. Bush,2003,19
George W. Bush,2003,19
George W. Bush,2003,19
George W. Bush,2003,19
George W. Bush,2003,19
George W. Bush,2003,19
George W. Bush,2003,19
George W. Bush,2003,19
George W. Bush,2003,19
George W. Bush,2003,19
George W. Bush,2003,19
George W. Bush,2003,19
George W. Bush,2003,19
George W. Bush,2003,19
George W. Bush,2003,19
George W. Bush,2003,19
George W. Bush,2003,19
George W. Bush,2003,19
George W. Bush,2003,19
George W. Bush,2003,19
George W. Bush,2003,19
George W. Bush,2003,19
George W. Bush,2003,19
George W. Bush,2003,19
George W. Bush,2003,19
George W. Bush,2003,19
George W. Bush,2003,19
George W. Bush,2003,19
George W. Bush,2003,19
George W. Bush,2003,19
George W. Bush,2003,19
George W. Bush,2003,19
George W. Bush,2003,19
George W. Bush,2003,19
George W. Bush,2003,19
George W. Bush,2003,19
George W. Bush,2003,19
George W. Bush,2003,19
George W. Bush,2003,19
George W. Bush,2003,19
George W. Bush,2003,19
George W. Bush,2003,19
George W. Bush,2003,19
George W. Bush,2003,19
George W. Bush,2003,19
George W. Bush,2003,19
George W. Bush,2003,19
George W. Bush,2003,19
George W. Bush,2003,19
George W. Bush,2003,19
George W. Bush,2003,19
George W. Bush,2003,19
George W. Bush,2003,19
George W. Bush,2003,19
George W. Bush,2003,19
George W. Bush,2003,19
George W. Bush,2003,19
George W. Bush,2003,19
George W. Bush,2003,19
George W. Bush,2003,16
George W. Bush,2003,16
George W. Bush,2003,16
George W. Bush,2003,16
George W. Bush,2003,16
George W. Bush,2003,16
George W. Bush,2003,16
George W. Bush,2003,16
George W. Bush,2003,16
George W. Bush,2003,16
George W. Bush,2003,16
George W. Bush,2003,16
George W. Bush,2003,16
George W. Bush,2003,16
George W. Bush,2003,16
George W. Bush,2003,16
George W. Bush,2003,19
George W. Bush,2003,0
George W. Bush,2003,0
George W. Bush,2003,0
George W. Bush,2003,0
George W. Bush,2003,0
George W. Bush,2003,0
George W. Bush,2003,0
George W. Bush,2003,0
George W. Bush,2003,0
George W. Bush,2003,0
George W. Bush,2003,0
George W. Bush,2003,0
George W. Bush,2003,0
George W. Bush,2004,0
George W. Bush,2004,0
George W. Bush,2004,16
George W. Bush,2004,16
George W. Bush,2004,12
George W. Bush,2004,10
George W. Bush,2004,12
George W. Bush,2004,12
George W. Bush,2004,1
George W. Bush,2004,1
George W. Bush,2004,1
George W. Bush,2004,0
George W. Bush,2004,3
George W. Bush,2004,19
George W. Bush,2004,1
George W. Bush,2004,0
George W. Bush,2004,0
George W. Bush,2004,0
George W. Bush,2004,16
George W. Bush,2004,19
George W. Bush,2004,19
George W. Bush,2004,19
George W. Bush,2004,19
George W. Bush,2004,19
George W. Bush,2004,19
George W. Bush,2004,12
George W. Bush,2004,12
George W. Bush,2004,12
George W. Bush,2004,12
George W. Bush,2004,12
George W. Bush,2004,12
George W. Bush,2004,12
George W. Bush,2004,12
George W. Bush,2004,19
George W. Bush,2004,19
George W. Bush,2004,19
George W. Bush,2004,19
George W. Bush,2004,19
George W. Bush,2004,19
George W. Bush,2004,19
George W. Bush,2004,19
George W. Bush,2004,19
George W. Bush,2004,19
George W. Bush,2004,19
George W. Bush,2004,19
George W. Bush,2004,16
George W. Bush,2004,16
George W. Bush,2004,16
George W. Bush,2004,16
George W. Bush,2004,16
George W. Bush,2004,16
George W. Bush,2004,16
George W. Bush,2004,16
George W. Bush,2004,16
George W. Bush,2004,19
George W. Bush,2004,19
George W. Bush,2004,19
George W. Bush,2004,19
George W. Bush,2004,19
George W. Bush,2004,19
George W. Bush,2004,16
George W. Bush,2004,16
George W. Bush,2004,19
George W. Bush,2004,19
George W. Bush,2004,19
George W. Bush,2004,16
George W. Bush,2004,19
George W. Bush,2004,19
George W. Bush,2004,19
George W. Bush,2004,19
George W. Bush,2004,19
George W. Bush,2004,16
George W. Bush,2004,16
George W. Bush,2004,16
George W. Bush,2004,19
George W. Bush,2004,19
George W. Bush,2004,19
George W. Bush,2004,16
George W. Bush,2004,16
George W. Bush,2004,16
George W. Bush,2004,16
George W. Bush,2004,16
George W. Bush,2004,16
George W. Bush,2004,16
George W. Bush,2004,16
George W. Bush,2004,16
George W. Bush,2004,16
George W. Bush,2004,16
George W. Bush,2004,19
George W. Bush,2004,19
George W. Bush,2004,19
George W. Bush,2004,19
George W. Bush,2004,19
George W. Bush,2004,19
George W. Bush,2004,16
George W. Bush,2004,16
George W. Bush,2004,19
George W. Bush,2004,19
George W. Bush,2004,19
George W. Bush,2004,19
George W. Bush,2004,19
George W. Bush,2004,19
George W. Bush,2004,19
George W. Bush,2004,19
George W. Bush,2004,19
George W. Bush,2004,16
George W. Bush,2004,16
George W. Bush,2004,16
George W. Bush,2004,19
George W. Bush,2004,19
George W. Bush,2004,19
George W. Bush,2004,19
George W. Bush,2004,19
George W. Bush,2004,19
George W. Bush,2004,19
George W. Bush,2004,19
George W. Bush,2004,19
George W. Bush,2004,19
George W. Bush,2004,19
George W. Bush,2004,19
George W. Bush,2004,19
George W. Bush,2004,19
George W. Bush,2004,19
George W. Bush,2004,19
George W. Bush,2004,1
George W. Bush,2004,1
George W. Bush,2004,1
George W. Bush,2004,1
George W. Bush,2004,1
George W. Bush,2004,1
George W. Bush,2004,14
George W. Bush,2004,14
George W. Bush,2004,1
George W. Bush,2004,1
George W. Bush,2004,1
George W. Bush,2004,18
George W. Bush,2004,1
George W. Bush,2004,1
George W. Bush,2004,1
George W. Bush,2004,5
George W. Bush,2004,3
George W. Bush,2004,5
George W. Bush,2004,6
George W. Bush,2004,6
George W. Bush,2004,6
George W. Bush,2004,6
George W. Bush,2004,6
George W. Bush,2004,6
George W. Bush,2004,6
George W. Bush,2004,6
George W. Bush,2004,6
George W. Bush,2004,6
George W. Bush,2004,6
George W. Bush,2004,6
George W. Bush,2004,6
George W. Bush,2004,6
George W. Bush,2004,5
George W. Bush,2004,5
George W. Bush,2004,5
George W. Bush,2004,6
George W. Bush,2004,6
George W. Bush,2004,6
George W. Bush,2004,6
George W. Bush,2004,5
George W. Bush,2004,5
George W. Bush,2004,1
George W. Bush,2004,1
George W. Bush,2004,1
George W. Bush,2004,1
George W. Bush,2004,1
George W. Bush,2004,15
George W. Bush,2004,1
George W. Bush,2004,1
George W. Bush,2004,1
George W. Bush,2004,1
George W. Bush,2004,15
George W. Bush,2004,8
George W. Bush,2004,18
George W. Bush,2004,13
George W. Bush,2004,13
George W. Bush,2004,1
George W. Bush,2004,1
George W. Bush,2004,1
George W. Bush,2004,1
George W. Bush,2004,9
George W. Bush,2004,5
George W. Bush,2004,5
George W. Bush,2004,12
George W. Bush,2004,9
George W. Bush,2004,5
George W. Bush,2004,3
George W. Bush,2004,3
George W. Bush,2004,3
George W. Bush,2004,3
George W. Bush,2004,3
George W. Bush,2004,3
George W. Bush,2004,3
George W. Bush,2004,3
George W. Bush,2004,3
George W. Bush,2004,3
George W. Bush,2004,3
George W. Bush,2004,3
George W. Bush,2004,3
George W. Bush,2004,3
George W. Bush,2004,3
George W. Bush,2004,3
George W. Bush,2004,3
George W. Bush,2004,3
George W. Bush,2004,3
George W. Bush,2004,3
George W. Bush,2004,3
George W. Bush,2004,3
George W. Bush,2004,3
George W. Bush,2004,0
George W. Bush,2004,0
George W. Bush,2004,0
George W. Bush,2004,0
George W. Bush,2004,0
George W. Bush,2004,0
George W. Bush,2004,0
George W. Bush,2004,3
George W. Bush,2004,3
George W. Bush,2004,3
George W. Bush,2004,3
George W. Bush,2004,3
George W. Bush,2004,3
George W. Bush,2004,3
George W. Bush,2004,3
George W. Bush,2004,3
George W. Bush,2004,3
George W. Bush,2004,3
George W. Bush,2004,3
George W. Bush,2004,3
George W. Bush,2004,3
George W. Bush,2004,3
George W. Bush,2004,3
George W. Bush,2004,3
George W. Bush,2004,3
George W. Bush,2004,2
George W. Bush,2004,2
George W. Bush,2004,2
George W. Bush,2004,2
George W. Bush,2004,2
George W. Bush,2004,2
George W. Bush,2004,2
George W. Bush,2004,2
George W. Bush,2004,2
George W. Bush,2004,2
George W. Bush,2004,13
George W. Bush,2004,13
George W. Bush,2004,13
George W. Bush,2004,13
George W. Bush,2004,13
George W. Bush,2004,13
George W. Bush,2004,12
George W. Bush,2004,12
George W. Bush,2004,12
George W. Bush,2004,12
George W. Bush,2004,12
George W. Bush,2004,0
George W. Bush,2004,0
George W. Bush,2004,0
George W. Bush,2004,0
George W. Bush,2004,0
George W. Bush,2004,0
George W. Bush,2004,0
George W. Bush,2004,0
George W. Bush,2004,0
George W. Bush,2004,0
George W. Bush,2004,0
George W. Bush,2004,16
George W. Bush,2004,16
George W. Bush,2004,0
George W. Bush,2004,0
George W. Bush,2004,0
George W. Bush,2004,0
George W. Bush,2004,0
George W. Bush,2004,0
George W. Bush,2004,0
George W. Bush,2004,0
George W. Bush,2004,0
George W. Bush,2004,0
George W. Bush,2005,0
George W. Bush,2005,0
George W. Bush,2005,0
George W. Bush,2005,0
George W. Bush,2005,0
George W. Bush,2005,0
George W. Bush,2005,0
George W. Bush,2005,0
George W. Bush,2005,0
George W. Bush,2005,1
George W. Bush,2005,1
George W. Bush,2005,1
George W. Bush,2005,1
George W. Bush,2005,1
George W. Bush,2005,1
George W. Bush,2005,1
George W. Bush,2005,1
George W. Bush,2005,1
George W. Bush,2005,1
George W. Bush,2005,1
George W. Bush,2005,1
George W. Bush,2005,6
George W. Bush,2005,6
George W. Bush,2005,5
George W. Bush,2005,6
George W. Bush,2005,15
George W. Bush,2005,15
George W. Bush,2005,12
George W. Bush,2005,3
George W. Bush,2005,3
George W. Bush,2005,8
George W. Bush,2005,8
George W. Bush,2005,7
George W. Bush,2005,8
George W. Bush,2005,8
George W. Bush,2005,1
George W. Bush,2005,1
George W. Bush,2005,1
George W. Bush,2005,1
George W. Bush,2005,1
George W. Bush,2005,9
George W. Bush,2005,9
George W. Bush,2005,9
George W. Bush,2005,13
George W. Bush,2005,13
George W. Bush,2005,13
George W. Bush,2005,13
George W. Bush,2005,13
George W. Bush,2005,13
George W. Bush,2005,13
George W. Bush,2005,13
George W. Bush,2005,13
George W. Bush,2005,13
George W. Bush,2005,13
George W. Bush,2005,13
George W. Bush,2005,13
George W. Bush,2005,13
George W. Bush,2005,13
George W. Bush,2005,13
George W. Bush,2005,13
George W. Bush,2005,13
George W. Bush,2005,13
George W. Bush,2005,13
George W. Bush,2005,13
George W. Bush,2005,13
George W. Bush,2005,13
George W. Bush,2005,13
George W. Bush,2005,13
George W. Bush,2005,13
George W. Bush,2005,13
George W. Bush,2005,13
George W. Bush,2005,13
George W. Bush,2005,13
George W. Bush,2005,13
George W. Bush,2005,13
George W. Bush,2005,13
George W. Bush,2005,13
George W. Bush,2005,13
George W. Bush,2005,13
George W. Bush,2005,13
George W. Bush,2005,13
George W. Bush,2005,13
George W. Bush,2005,13
George W. Bush,2005,13
George W. Bush,2005,13
George W. Bush,2005,13
George W. Bush,2005,13
George W. Bush,2005,13
George W. Bush,2005,13
George W. Bush,2005,13
George W. Bush,2005,13
George W. Bush,2005,13
George W. Bush,2005,13
George W. Bush,2005,13
George W. Bush,2005,13
George W. Bush,2005,13
George W. Bush,2005,13
George W. Bush,2005,13
George W. Bush,2005,13
George W. Bush,2005,13
George W. Bush,2005,13
George W. Bush,2005,13
George W. Bush,2005,13
George W. Bush,2005,13
George W. Bush,2005,13
George W. Bush,2005,13
George W. Bush,2005,13
George W. Bush,2005,0
George W. Bush,2005,0
George W. Bush,2005,0
George W. Bush,2005,2
George W. Bush,2005,2
George W. Bush,2005,0
George W. Bush,2005,3
George W. Bush,2005,3
George W. Bush,2005,3
George W. Bush,2005,3
George W. Bush,2005,3
George W. Bush,2005,12
George W. Bush,2005,20
George W. Bush,2005,20
George W. Bush,2005,0
George W. Bush,2005,13
George W. Bush,2005,13
George W. Bush,2005,13
George W. Bush,2005,13
George W. Bush,2005,13
George W. Bush,2005,3
George W. Bush,2005,19
George W. Bush,2005,2
George W. Bush,2005,12
George W. Bush,2005,12
George W. Bush,2005,19
George W. Bush,2005,19
George W. Bush,2005,19
George W. Bush,2005,12
George W. Bush,2005,12
George W. Bush,2005,19
George W. Bush,2005,19
George W. Bush,2005,19
George W. Bush,2005,19
George W. Bush,2005,19
George W. Bush,2005,19
George W. Bush,2005,16
George W. Bush,2005,16
George W. Bush,2005,19
George W. Bush,2005,16
George W. Bush,2005,16
George W. Bush,2005,19
George W. Bush,2005,19
George W. Bush,2005,16
George W. Bush,2005,19
George W. Bush,2005,19
George W. Bush,2005,19
George W. Bush,2005,19
George W. Bush,2005,19
George W. Bush,2005,19
George W. Bush,2005,19
George W. Bush,2005,19
George W. Bush,2005,19
George W. Bush,2005,19
George W. Bush,2005,19
George W. Bush,2005,19
George W. Bush,2005,19
George W. Bush,2005,19
George W. Bush,2005,19
George W. Bush,2005,19
George W. Bush,2005,19
George W. Bush,2005,19
George W. Bush,2005,19
George W. Bush,2005,19
George W. Bush,2005,19
George W. Bush,2005,19
George W. Bush,2005,19
George W. Bush,2005,19
George W. Bush,2005,19
George W. Bush,2005,19
George W. Bush,2005,19
George W. Bush,2005,19
George W. Bush,2005,19
George W. Bush,2005,19
George W. Bush,2005,16
George W. Bush,2005,16
George W. Bush,2005,16
George W. Bush,2005,19
George W. Bush,2005,16
George W. Bush,2005,16
George W. Bush,2005,16
George W. Bush,2005,19
George W. Bush,2005,19
George W. Bush,2005,19
George W. Bush,2005,19
George W. Bush,2005,19
George W. Bush,2005,19
George W. Bush,2005,16
George W. Bush,2005,19
George W. Bush,2005,19
George W. Bush,2005,16
George W. Bush,2005,16
George W. Bush,2005,16
George W. Bush,2005,16
George W. Bush,2005,16
George W. Bush,2005,16
George W. Bush,2005,16
George W. Bush,2005,16
George W. Bush,2005,16
George W. Bush,2005,16
George W. Bush,2005,16
George W. Bush,2005,16
George W. Bush,2005,16
George W. Bush,2005,16
George W. Bush,2005,16
George W. Bush,2005,16
George W. Bush,2005,16
George W. Bush,2005,16
George W. Bush,2005,16
George W. Bush,2005,16
George W. Bush,2005,16
George W. Bush,2005,16
George W. Bush,2005,16
George W. Bush,2005,16
George W. Bush,2005,16
George W. Bush,2005,16
George W. Bush,2005,16
George W. Bush,2005,16
George W. Bush,2005,16
George W. Bush,2005,0
George W. Bush,2005,0
George W. Bush,2005,0
George W. Bush,2005,19
George W. Bush,2005,0
George W. Bush,2005,0
George W. Bush,2005,0
George W. Bush,2005,0
George W. Bush,2005,0
George W. Bush,2005,0
George W. Bush,2005,0
George W. Bush,2005,0
George W. Bush,2005,0
George W. Bush,2006,0
George W. Bush,2006,0
George W. Bush,2006,0
George W. Bush,2006,0
George W. Bush,2006,0
George W. Bush,2006,0
George W. Bush,2006,0
George W. Bush,2006,0
George W. Bush,2006,0
George W. Bush,2006,0
George W. Bush,2006,19
George W. Bush,2006,18
George W. Bush,2006,19
George W. Bush,2006,19
George W. Bush,2006,19
George W. Bush,2006,19
George W. Bush,2006,19
George W. Bush,2006,19
George W. Bush,2006,19
George W. Bush,2006,19
George W. Bush,2006,19
George W. Bush,2006,19
George W. Bush,2006,19
George W. Bush,2006,19
George W. Bush,2006,19
George W. Bush,2006,19
George W. Bush,2006,19
George W. Bush,2006,19
George W. Bush,2006,19
George W. Bush,2006,19
George W. Bush,2006,19
George W. Bush,2006,19
George W. Bush,2006,19
George W. Bush,2006,19
George W. Bush,2006,19
George W. Bush,2006,19
George W. Bush,2006,19
George W. Bush,2006,19
George W. Bush,2006,19
George W. Bush,2006,19
George W. Bush,2006,19
George W. Bush,2006,19
George W. Bush,2006,19
George W. Bush,2006,19
George W. Bush,2006,19
George W. Bush,2006,19
George W. Bush,2006,19
George W. Bush,2006,19
George W. Bush,2006,19
George W. Bush,2006,19
George W. Bush,2006,16
George W. Bush,2006,16
George W. Bush,2006,16
George W. Bush,2006,16
George W. Bush,2006,16
George W. Bush,2006,16
George W. Bush,2006,16
George W. Bush,2006,16
George W. Bush,2006,16
George W. Bush,2006,16
George W. Bush,2006,16
George W. Bush,2006,16
George W. Bush,2006,16
George W. Bush,2006,16
George W. Bush,2006,16
George W. Bush,2006,16
George W. Bush,2006,16
George W. Bush,2006,16
George W. Bush,2006,16
George W. Bush,2006,16
George W. Bush,2006,16
George W. Bush,2006,16
George W. Bush,2006,16
George W. Bush,2006,16
George W. Bush,2006,16
George W. Bush,2006,16
George W. Bush,2006,16
George W. Bush,2006,16
George W. Bush,2006,16
George W. Bush,2006,16
George W. Bush,2006,16
George W. Bush,2006,16
George W. Bush,2006,16
George W. Bush,2006,16
George W. Bush,2006,16
George W. Bush,2006,16
George W. Bush,2006,16
George W. Bush,2006,16
George W. Bush,2006,16
George W. Bush,2006,16
George W. Bush,2006,16
George W. Bush,2006,19
George W. Bush,2006,19
George W. Bush,2006,19
George W. Bush,2006,19
George W. Bush,2006,19
George W. Bush,2006,19
George W. Bush,2006,19
George W. Bush,2006,19
George W. Bush,2006,19
George W. Bush,2006,19
George W. Bush,2006,19
George W. Bush,2006,19
George W. Bush,2006,19
George W. Bush,2006,19
George W. Bush,2006,19
George W. Bush,2006,19
George W. Bush,2006,19
George W. Bush,2006,19
George W. Bush,2006,19
George W. Bush,2006,19
George W. Bush,2006,19
George W. Bush,2006,19
George W. Bush,2006,19
George W. Bush,2006,19
George W. Bush,2006,19
George W. Bush,2006,19
George W. Bush,2006,0
George W. Bush,2006,16
George W. Bush,2006,16
George W. Bush,2006,16
George W. Bush,2006,16
George W. Bush,2006,16
George W. Bush,2006,16
George W. Bush,2006,19
George W. Bush,2006,19
George W. Bush,2006,16
George W. Bush,2006,16
George W. Bush,2006,16
George W. Bush,2006,16
George W. Bush,2006,16
George W. Bush,2006,16
George W. Bush,2006,16
George W. Bush,2006,19
George W. Bush,2006,19
George W. Bush,2006,19
George W. Bush,2006,19
George W. Bush,2006,16
George W. Bush,2006,16
George W. Bush,2006,16
George W. Bush,2006,1
George W. Bush,2006,1
George W. Bush,2006,1
George W. Bush,2006,1
George W. Bush,2006,1
George W. Bush,2006,19
George W. Bush,2006,19
George W. Bush,2006,1
George W. Bush,2006,1
George W. Bush,2006,1
George W. Bush,2006,1
George W. Bush,2006,1
George W. Bush,2006,1
George W. Bush,2006,1
George W. Bush,2006,1
George W. Bush,2006,1
George W. Bush,2006,1
George W. Bush,2006,1
George W. Bush,2006,1
George W. Bush,2006,1
George W. Bush,2006,1
George W. Bush,2006,1
George W. Bush,2006,1
George W. Bush,2006,1
George W. Bush,2006,1
George W. Bush,2006,20
George W. Bush,2006,20
George W. Bush,2006,1
George W. Bush,2006,3
George W. Bush,2006,3
George W. Bush,2006,3
George W. Bush,2006,3
George W. Bush,2006,3
George W. Bush,2006,1
George W. Bush,2006,13
George W. Bush,2006,13
George W. Bush,2006,13
George W. Bush,2006,13
George W. Bush,2006,13
George W. Bush,2006,13
George W. Bush,2006,18
George W. Bush,2006,18
George W. Bush,2006,18
George W. Bush,2006,9
George W. Bush,2006,9
George W. Bush,2006,9
George W. Bush,2006,9
George W. Bush,2006,3
George W. Bush,2006,3
George W. Bush,2006,3
George W. Bush,2006,3
George W. Bush,2006,3
George W. Bush,2006,3
George W. Bush,2006,3
George W. Bush,2006,8
George W. Bush,2006,8
George W. Bush,2006,8
George W. Bush,2006,8
George W. Bush,2006,8
George W. Bush,2006,8
George W. Bush,2006,8
George W. Bush,2006,8
George W. Bush,2006,8
George W. Bush,2006,8
George W. Bush,2006,8
George W. Bush,2006,8
George W. Bush,2006,8
George W. Bush,2006,8
George W. Bush,2006,8
George W. Bush,2006,0
George W. Bush,2006,0
George W. Bush,2006,0
George W. Bush,2006,17
George W. Bush,2006,17
George W. Bush,2006,17
George W. Bush,2006,17
George W. Bush,2006,17
George W. Bush,2006,6
George W. Bush,2006,6
George W. Bush,2006,6
George W. Bush,2006,6
George W. Bush,2006,6
George W. Bush,2006,6
George W. Bush,2006,6
George W. Bush,2006,17
George W. Bush,2006,0
George W. Bush,2006,0
George W. Bush,2006,0
George W. Bush,2006,0
George W. Bush,2006,12
George W. Bush,2006,13
George W. Bush,2006,12
George W. Bush,2006,2
George W. Bush,2006,2
George W. Bush,2006,2
George W. Bush,2006,2
George W. Bush,2006,2
George W. Bush,2006,2
George W. Bush,2006,2
George W. Bush,2006,3
George W. Bush,2006,2
George W. Bush,2006,2
George W. Bush,2006,2
George W. Bush,2006,2
George W. Bush,2006,20
George W. Bush,2006,20
George W. Bush,2006,20
George W. Bush,2006,0
George W. Bush,2006,0
George W. Bush,2006,3
George W. Bush,2006,3
George W. Bush,2006,3
George W. Bush,2006,20
George W. Bush,2006,20
George W. Bush,2006,20
George W. Bush,2006,13
George W. Bush,2006,13
George W. Bush,2006,13
George W. Bush,2006,6
George W. Bush,2006,15
George W. Bush,2006,15
George W. Bush,2006,15
George W. Bush,2006,15
George W. Bush,2006,15
George W. Bush,2006,15
George W. Bush,2006,15
George W. Bush,2006,2
George W. Bush,2006,3
George W. Bush,2006,3
George W. Bush,2006,3
George W. Bush,2006,3
George W. Bush,2006,0
George W. Bush,2006,0
George W. Bush,2006,15
George W. Bush,2006,0
George W. Bush,2006,0
George W. Bush,2006,0
George W. Bush,2006,0
George W. Bush,2006,0
George W. Bush,2006,0
George W. Bush,2006,0
George W. Bush,2006,0
George W. Bush,2006,0
George W. Bush,2006,0
George W. Bush,2006,0
George W. Bush,2006,0
George W. Bush,2006,0
George W. Bush,2007,0
George W. Bush,2007,0
George W. Bush,2007,0
George W. Bush,2007,0
George W. Bush,2007,0
George W. Bush,2007,0
George W. Bush,2007,0
George W. Bush,2007,0
George W. Bush,2007,0
George W. Bush,2007,0
George W. Bush,2007,0
George W. Bush,2007,0
George W. Bush,2007,0
George W. Bush,2007,0
George W. Bush,2007,0
George W. Bush,2007,0
George W. Bush,2007,0
George W. Bush,2007,0
George W. Bush,2007,1
George W. Bush,2007,1
George W. Bush,2007,1
George W. Bush,2007,1
George W. Bush,2007,1
George W. Bush,2007,1
George W. Bush,2007,1
George W. Bush,2007,1
George W. Bush,2007,1
George W. Bush,2007,1
George W. Bush,2007,1
George W. Bush,2007,1
George W. Bush,2007,1
George W. Bush,2007,1
George W. Bush,2007,1
George W. Bush,2007,1
George W. Bush,2007,1
George W. Bush,2007,1
George W. Bush,2007,1
George W. Bush,2007,1
George W. Bush,2007,1
George W. Bush,2007,1
George W. Bush,2007,1
George W. Bush,2007,1
George W. Bush,2007,1
George W. Bush,2007,3
George W. Bush,2007,1
George W. Bush,2007,1
George W. Bush,2007,1
George W. Bush,2007,3
George W. Bush,2007,6
George W. Bush,2007,6
George W. Bush,2007,6
George W. Bush,2007,6
George W. Bush,2007,6
George W. Bush,2007,6
George W. Bush,2007,6
George W. Bush,2007,6
George W. Bush,2007,3
George W. Bush,2007,3
George W. Bush,2007,3
George W. Bush,2007,3
George W. Bush,2007,3
George W. Bush,2007,3
George W. Bush,2007,3
George W. Bush,2007,3
George W. Bush,2007,3
George W. Bush,2007,3
George W. Bush,2007,3
George W. Bush,2007,3
George W. Bush,2007,3
George W. Bush,2007,3
George W. Bush,2007,3
George W. Bush,2007,3
George W. Bush,2007,3
George W. Bush,2007,3
George W. Bush,2007,3
George W. Bush,2007,3
George W. Bush,2007,3
George W. Bush,2007,3
George W. Bush,2007,9
George W. Bush,2007,9
George W. Bush,2007,12
George W. Bush,2007,5
George W. Bush,2007,5
George W. Bush,2007,5
George W. Bush,2007,9
George W. Bush,2007,9
George W. Bush,2007,9
George W. Bush,2007,9
George W. Bush,2007,9
George W. Bush,2007,8
George W. Bush,2007,8
George W. Bush,2007,8
George W. Bush,2007,8
George W. Bush,2007,8
George W. Bush,2007,8
George W. Bush,2007,8
George W. Bush,2007,8
George W. Bush,2007,8
George W. Bush,2007,8
George W. Bush,2007,8
George W. Bush,2007,8
George W. Bush,2007,8
George W. Bush,2007,8
George W. Bush,2007,8
George W. Bush,2007,8
George W. Bush,2007,8
George W. Bush,2007,8
George W. Bush,2007,7
George W. Bush,2007,12
George W. Bush,2007,12
George W. Bush,2007,12
George W. Bush,2007,20
George W. Bush,2007,20
George W. Bush,2007,19
George W. Bush,2007,19
George W. Bush,2007,19
George W. Bush,2007,16
George W. Bush,2007,16
George W. Bush,2007,16
George W. Bush,2007,16
George W. Bush,2007,19
George W. Bush,2007,19
George W. Bush,2007,19
George W. Bush,2007,19
George W. Bush,2007,19
George W. Bush,2007,19
George W. Bush,2007,19
George W. Bush,2007,19
George W. Bush,2007,19
George W. Bush,2007,19
George W. Bush,2007,19
George W. Bush,2007,19
George W. Bush,2007,19
George W. Bush,2007,19
George W. Bush,2007,19
George W. Bush,2007,19
George W. Bush,2007,19
George W. Bush,2007,19
George W. Bush,2007,19
George W. Bush,2007,19
George W. Bush,2007,19
George W. Bush,2007,19
George W. Bush,2007,19
George W. Bush,2007,19
George W. Bush,2007,19
George W. Bush,2007,19
George W. Bush,2007,19
George W. Bush,2007,19
George W. Bush,2007,19
George W. Bush,2007,19
George W. Bush,2007,19
George W. Bush,2007,19
George W. Bush,2007,19
George W. Bush,2007,19
George W. Bush,2007,19
George W. Bush,2007,19
George W. Bush,2007,19
George W. Bush,2007,19
George W. Bush,2007,19
George W. Bush,2007,19
George W. Bush,2007,19
George W. Bush,2007,19
George W. Bush,2007,19
George W. Bush,2007,19
George W. Bush,2007,19
George W. Bush,2007,19
George W. Bush,2007,19
George W. Bush,2007,19
George W. Bush,2007,19
George W. Bush,2007,19
George W. Bush,2007,19
George W. Bush,2007,19
George W. Bush,2007,19
George W. Bush,2007,19
George W. Bush,2007,19
George W. Bush,2007,16
George W. Bush,2007,16
George W. Bush,2007,16
George W. Bush,2007,16
George W. Bush,2007,16
George W. Bush,2007,16
George W. Bush,2007,16
George W. Bush,2007,16
George W. Bush,2007,16
George W. Bush,2007,16
George W. Bush,2007,16
George W. Bush,2007,16
George W. Bush,2007,16
George W. Bush,2007,16
George W. Bush,2007,19
George W. Bush,2007,19
George W. Bush,2007,19
George W. Bush,2007,19
George W. Bush,2007,19
George W. Bush,2007,19
George W. Bush,2007,16
George W. Bush,2007,16
George W. Bush,2007,16
George W. Bush,2007,16
George W. Bush,2007,16
George W. Bush,2007,16
George W. Bush,2007,16
George W. Bush,2007,16
George W. Bush,2007,16
George W. Bush,2007,16
George W. Bush,2007,16
George W. Bush,2007,16
George W. Bush,2007,16
George W. Bush,2007,16
George W. Bush,2007,16
George W. Bush,2007,16
George W. Bush,2007,16
George W. Bush,2007,16
George W. Bush,2007,16
George W. Bush,2007,16
George W. Bush,2007,16
George W. Bush,2007,16
George W. Bush,2007,16
George W. Bush,2007,16
George W. Bush,2007,16
George W. Bush,2007,16
George W. Bush,2007,16
George W. Bush,2007,16
George W. Bush,2007,16
George W. Bush,2007,16
George W. Bush,2007,16
George W. Bush,2007,16
George W. Bush,2007,16
George W. Bush,2007,16
George W. Bush,2007,16
George W. Bush,2007,16
George W. Bush,2007,19
George W. Bush,2007,19
George W. Bush,2007,19
George W. Bush,2007,16
George W. Bush,2007,19
George W. Bush,2007,19
George W. Bush,2007,19
George W. Bush,2007,19
George W. Bush,2007,19
George W. Bush,2007,19
George W. Bush,2007,19
George W. Bush,2007,19
George W. Bush,2007,19
George W. Bush,2007,19
George W. Bush,2007,0
George W. Bush,2007,0
George W. Bush,2007,0
George W. Bush,2007,0
George W. Bush,2007,0
George W. Bush,2007,0
George W. Bush,2007,0
George W. Bush,2007,0
George W. Bush,2007,0
George W. Bush,2007,0
George W. Bush,2007,0
George W. Bush,2007,0
George W. Bush,2007,0
George W. Bush,2007,0
George W. Bush,2007,0
George W. Bush,2007,0
George W. Bush,2007,0
George W. Bush,2007,0
George W. Bush,2007,0
George W. Bush,2007,0
George W. Bush,2007,0
George W. Bush,2007,0
George W. Bush,2007,0
George W. Bush,2007,0
George W. Bush,2007,0
George W. Bush,2007,0
George W. Bush,2007,0
George W. Bush,2007,0
George W. Bush,2007,0
George W. Bush,2007,0
George W. Bush,2007,0
George W. Bush,2007,0
George W. Bush,2007,0
George W. Bush,2007,0
George W. Bush,2007,0
George W. Bush,2007,0
George W. Bush,2007,0
George W. Bush,2007,0
George W. Bush,2007,0
George W. Bush,2007,0
George W. Bush,2007,0
George W. Bush,2007,0
George W. Bush,2007,0
George W. Bush,2008,0
George W. Bush,2008,0
George W. Bush,2008,0
George W. Bush,2008,0
George W. Bush,2008,0
George W. Bush,2008,0
George W. Bush,2008,0
George W. Bush,2008,0
George W. Bush,2008,0
George W. Bush,2008,0
George W. Bush,2008,0
George W. Bush,2008,0
George W. Bush,2008,0
George W. Bush,2008,0
George W. Bush,2008,0
George W. Bush,2008,0
George W. Bush,2008,0
George W. Bush,2008,0
George W. Bush,2008,0
George W. Bush,2008,0
George W. Bush,2008,1
George W. Bush,2008,1
George W. Bush,2008,1
George W. Bush,2008,1
George W. Bush,2008,1
George W. Bush,2008,1
George W. Bush,2008,1
George W. Bush,2008,1
George W. Bush,2008,1
George W. Bush,2008,1
George W. Bush,2008,1
George W. Bush,2008,1
George W. Bush,2008,1
George W. Bush,2008,1
George W. Bush,2008,1
George W. Bush,2008,1
George W. Bush,2008,1
George W. Bush,2008,1
George W. Bush,2008,1
George W. Bush,2008,1
George W. Bush,2008,1
George W. Bush,2008,1
George W. Bush,2008,1
George W. Bush,2008,1
George W. Bush,2008,1
George W. Bush,2008,1
George W. Bush,2008,1
George W. Bush,2008,1
George W. Bush,2008,1
George W. Bush,2008,1
George W. Bush,2008,1
George W. Bush,2008,1
George W. Bush,2008,1
George W. Bush,2008,1
George W. Bush,2008,1
George W. Bush,2008,1
George W. Bush,2008,14
George W. Bush,2008,14
George W. Bush,2008,14
George W. Bush,2008,14
George W. Bush,2008,14
George W. Bush,2008,3
George W. Bush,2008,3
George W. Bush,2008,3
George W. Bush,2008,3
George W. Bush,2008,3
George W. Bush,2008,3
George W. Bush,2008,3
George W. Bush,2008,6
George W. Bush,2008,6
George W. Bush,2008,6
George W. Bush,2008,6
George W. Bush,2008,6
George W. Bush,2008,6
George W. Bush,2008,6
George W. Bush,2008,6
George W. Bush,2008,6
George W. Bush,2008,6
George W. Bush,2008,6
George W. Bush,2008,6
George W. Bush,2008,6
George W. Bush,2008,6
George W. Bush,2008,6
George W. Bush,2008,6
George W. Bush,2008,18
George W. Bush,2008,18
George W. Bush,2008,18
George W. Bush,2008,18
George W. Bush,2008,18
George W. Bush,2008,18
George W. Bush,2008,18
George W. Bush,2008,18
George W. Bush,2008,18
George W. Bush,2008,18
George W. Bush,2008,18
George W. Bush,2008,18
George W. Bush,2008,18
George W. Bush,2008,18
George W. Bush,2008,18
George W. Bush,2008,18
George W. Bush,2008,5
George W. Bush,2008,5
George W. Bush,2008,8
George W. Bush,2008,8
George W. Bush,2008,8
George W. Bush,2008,8
George W. Bush,2008,8
George W. Bush,2008,8
George W. Bush,2008,8
George W. Bush,2008,7
George W. Bush,2008,7
George W. Bush,2008,7
George W. Bush,2008,8
George W. Bush,2008,8
George W. Bush,2008,8
George W. Bush,2008,8
George W. Bush,2008,8
George W. Bush,2008,3
George W. Bush,2008,3
George W. Bush,2008,3
George W. Bush,2008,3
George W. Bush,2008,3
George W. Bush,2008,3
George W. Bush,2008,12
George W. Bush,2008,12
George W. Bush,2008,12
George W. Bush,2008,12
George W. Bush,2008,13
George W. Bush,2008,13
George W. Bush,2008,13
George W. Bush,2008,13
George W. Bush,2008,13
George W. Bush,2008,13
George W. Bush,2008,15
George W. Bush,2008,15
George W. Bush,2008,15
George W. Bush,2008,18
George W. Bush,2008,1
George W. Bush,2008,13
George W. Bush,2008,13
George W. Bush,2008,3
George W. Bush,2008,3
George W. Bush,2008,9
George W. Bush,2008,9
George W. Bush,2008,9
George W. Bush,2008,9
George W. Bush,2008,9
George W. Bush,2008,9
George W. Bush,2008,9
George W. Bush,2008,9
George W. Bush,2008,9
George W. Bush,2008,9
George W. Bush,2008,19
George W. Bush,2008,19
George W. Bush,2008,0
George W. Bush,2008,19
George W. Bush,2008,19
George W. Bush,2008,19
George W. Bush,2008,19
George W. Bush,2008,0
George W. Bush,2008,0
George W. Bush,2008,19
George W. Bush,2008,19
George W. Bush,2008,19
George W. Bush,2008,19
George W. Bush,2008,19
George W. Bush,2008,19
George W. Bush,2008,19
George W. Bush,2008,19
George W. Bush,2008,19
George W. Bush,2008,19
George W. Bush,2008,19
George W. Bush,2008,19
George W. Bush,2008,19
George W. Bush,2008,19
George W. Bush,2008,19
George W. Bush,2008,19
George W. Bush,2008,19
George W. Bush,2008,16
George W. Bush,2008,16
George W. Bush,2008,16
George W. Bush,2008,19
George W. Bush,2008,16
George W. Bush,2008,16
George W. Bush,2008,16
George W. Bush,2008,16
George W. Bush,2008,19
George W. Bush,2008,19
George W. Bush,2008,19
George W. Bush,2008,19
George W. Bush,2008,19
George W. Bush,2008,16
George W. Bush,2008,16
George W. Bush,2008,16
George W. Bush,2008,16
George W. Bush,2008,16
George W. Bush,2008,19
George W. Bush,2008,16
George W. Bush,2008,16
George W. Bush,2008,16
George W. Bush,2008,16
George W. Bush,2008,16
George W. Bush,2008,16
George W. Bush,2008,16
George W. Bush,2008,16
George W. Bush,2008,16
George W. Bush,2008,16
George W. Bush,2008,16
George W. Bush,2008,16
George W. Bush,2008,16
George W. Bush,2008,16
George W. Bush,2008,16
George W. Bush,2008,16
George W. Bush,2008,16
George W. Bush,2008,16
George W. Bush,2008,16
George W. Bush,2008,16
George W. Bush,2008,16
George W. Bush,2008,16
George W. Bush,2008,16
George W. Bush,2008,16
George W. Bush,2008,16
George W. Bush,2008,16
George W. Bush,2008,19
George W. Bush,2008,19
George W. Bush,2008,19
George W. Bush,2008,19
George W. Bush,2008,19
George W. Bush,2008,19
George W. Bush,2008,19
George W. Bush,2008,19
George W. Bush,2008,16
George W. Bush,2008,16
George W. Bush,2008,16
George W. Bush,2008,19
George W. Bush,2008,16
George W. Bush,2008,19
George W. Bush,2008,19
George W. Bush,2008,19
George W. Bush,2008,19
George W. Bush,2008,19
George W. Bush,2008,19
George W. Bush,2008,19
George W. Bush,2008,19
George W. Bush,2008,19
George W. Bush,2008,19
George W. Bush,2008,19
George W. Bush,2008,19
George W. Bush,2008,19
George W. Bush,2008,19
George W. Bush,2008,19
George W. Bush,2008,19
George W. Bush,2008,19
George W. Bush,2008,19
George W. Bush,2008,19
George W. Bush,2008,19
George W. Bush,2008,19
George W. Bush,2008,16
George W. Bush,2008,16
George W. Bush,2008,16
George W. Bush,2008,16
George W. Bush,2008,16
George W. Bush,2008,16
George W. Bush,2008,16
George W. Bush,2008,16
George W. Bush,2008,16
George W. Bush,2008,16
George W. Bush,2008,16
George W. Bush,2008,16
George W. Bush,2008,16
George W. Bush,2008,16
George W. Bush,2008,16
George W. Bush,2008,16
George W. Bush,2008,16
George W. Bush,2008,16
George W. Bush,2008,16
George W. Bush,2008,16
George W. Bush,2008,16
George W. Bush,2008,16
George W. Bush,2008,16
George W. Bush,2008,16
George W. Bush,2008,19
George W. Bush,2008,19
George W. Bush,2008,19
George W. Bush,2008,19
George W. Bush,2008,19
George W. Bush,2008,19
George W. Bush,2008,19
George W. Bush,2008,19
George W. Bush,2008,19
George W. Bush,2008,19
George W. Bush,2008,19
George W. Bush,2008,19
George W. Bush,2008,19
George W. Bush,2008,19
George W. Bush,2008,16
George W. Bush,2008,16
George W. Bush,2008,16
George W. Bush,2008,16
George W. Bush,2008,16
George W. Bush,2008,16
George W. Bush,2008,16
George W. Bush,2008,16
George W. Bush,2008,16
George W. Bush,2008,16
George W. Bush,2008,0
George W. Bush,2008,0
George W. Bush,2008,0
George W. Bush,2008,0
George W. Bush,2008,0
George W. Bush,2008,0
George W. Bush,2008,0
George W. Bush,2008,0
George W. Bush,2008,1